dataset,split_id,seed,test_row_index,y_real,oraclepred__MLP Original,oraclepred__MLP Ontológico,pred__mlp_original,pred__mlp_ontological,pred__c45,pred__trepan_original,pred__reloaded_lambda0,pred__reloaded_semantic_score,pred__reloaded_owl_features,pred__reloaded_owl_full,pred__reloaded_owl_shuffled,pred__reloaded_e2e,pred__trepan_original_no_mofn,pred__reloaded_owl_full_no_mofn,pred__reloaded_owl_full_no_active_queries,pred__reloaded_owl_full_no_error_focus
synthetic_binary,seed11,11,2,0,0,0,0,0,0,0,0,0,0,1,0,0,0,1,0,0
synthetic_binary,seed11,11,7,1,1,1,1,1,1,1,1,1,1,1,1,1,1,1,1,1
synthetic_binary,seed11,11,11,0,0,0,0,0,1,0,0,1,1,0,0,0,0,1,0,1
synthetic_binary,seed11,11,16,1,1,1,1,1,1,1,1,1,1,1,1,1,1,0,0,1
synthetic_binary,seed11,11,24,0,0,0,0,0,0,1,1,0,1,0,0,0,0,0,0,0
synthetic_binary,seed11,11,25,1,1,1,1,1,1,0,0,1,0,1,1,1,0,1,1,1
synthetic_binary,seed11,11,26,0,0,0,0,0,0,0,0,0,0,0,0,0,0,0,1,0
synthetic_binary,seed11,11,30,1,1,1,1,1,1,1,1,1,1,1,1,1,1,1,1,1
synthetic_binary,seed11,11,32,1,1,1,1,1,1,1,1,0,1,1,1,1,1,1,1,1
synthetic_binary,seed11,11,34,1,1,1,1,1,1,1,1,0,1,1,0,1,1,0,1,1
synthetic_binary,seed11,11,39,0,0,0,0,0,0,0,0,0,0,0,0,0,0,1,0,0
synthetic_binary,seed11,11,48,1,1,1,1,1,1,1,1,1,1,1,1,1,0,1,1,1
synthetic_binary,seed11,11,58,1,1,1,1,1,1,1,1,1,1,0,0,1,1,0,1,1
synthetic_binary,seed11,11,59,1,1,1,1,1,1,1,1,1,1,1,1,0,1,1,1,1
synthetic_binary,seed11,11,60,0,0,0,0,0,0,0,0,0,0,0,0,0,0,0,0,0
synthetic_binary,seed11,11,61,0,0,0,0,0,0,0,0,0,0,0,0,0,0,1,1,1
synthetic_binary,seed11,11,72,0,0,0,0,0,0,1,1,0,1,0,1,0,1,0,0,0
synthetic_binary,seed11,11,73,0,0,0,0,0,0,0,0,0,0,1,0,0,0,0,0,0
synthetic_binary,seed11,11,74,0,0,0,0,0,1,0,0,1,0,1,1,1,1,1,1,1
synthetic_binary,seed11,11,79,0,0,0,0,0,0,0,0,1,0,0,0,0,0,0,0,0
synthetic_binary,seed11,11,83,1,1,1,1,1,1,1,1,1,1,1,1,1,1,1,1,1
synthetic_binary,seed11,11,84,1,1,1,1,1,1,1,1,1,1,1,1,1,1,1,1,1
synthetic_binary,seed11,11,90,1,1,1,1,1,1,1,1,1,1,1,1,1,1,1,1,1
synthetic_binary,seed11,11,92,1,1,1,1,1,1,1,1,1,1,1,1,1,1,1,1,1
synthetic_binary,seed11,11,94,1,1,1,1,1,1,1,1,1,1,1,1,1,1,1,1,1
synthetic_binary,seed11,11,97,0,0,0,0,0,0,0,0,0,0,0,0,0,0,0,0,0
synthetic_binary,seed11,11,101,0,0,0,0,0,0,0,0,0,0,0,0,0,0,0,0,0
synthetic_binary,seed11,11,113,0,0,0,0,0,0,0,0,0,0,1,0,1,1,1,1,1
synthetic_binary,seed11,11,127,1,1,1,1,1,1,1,1,1,1,1,1,1,1,1,1,1
synthetic_binary,seed11,11,129,0,0,0,0,0,1,0,0,1,1,0,1,0,1,1,0,0
synthetic_binary,seed11,11,131,1,1,1,1,1,1,1,1,1,1,1,1,1,0,1,1,1
synthetic_binary,seed11,11,134,0,0,0,0,0,0,0,0,0,0,0,0,0,0,0,0,0
synthetic_binary,seed11,11,137,0,0,0,0,0,0,0,0,1,0,0,0,0,0,0,0,0
synthetic_binary,seed11,11,139,0,0,0,0,0,1,0,0,0,0,0,0,1,1,1,1,1
synthetic_binary,seed11,11,145,0,0,0,0,0,0,0,0,0,0,0,0,0,0,0,0,0
synthetic_binary,seed11,11,149,0,0,0,0,0,0,0,0,0,0,0,0,0,0,0,0,0
synthetic_binary,seed11,11,153,0,0,1,0,1,0,0,0,1,0,0,0,1,0,0,1,0
synthetic_binary,seed11,11,155,0,0,0,0,0,1,1,1,1,1,1,1,0,1,1,0,0
synthetic_binary,seed11,11,159,0,0,0,0,0,0,0,0,1,0,0,0,0,1,0,0,0
synthetic_binary,seed11,11,162,0,0,0,0,0,0,0,0,1,0,0,0,0,0,0,0,1
synthetic_binary,seed11,11,163,1,1,1,1,1,1,1,1,1,1,1,1,1,1,1,1,0
synthetic_binary,seed11,11,166,1,0,0,0,0,1,1,1,1,1,0,1,1,1,0,1,1
synthetic_binary,seed11,11,170,1,1,1,1,1,1,1,1,1,1,1,1,1,0,1,1,1
synthetic_binary,seed11,11,173,1,1,1,1,1,1,1,1,1,1,1,1,1,1,1,1,1
synthetic_binary,seed11,11,175,1,1,1,1,1,1,1,1,1,1,1,1,1,0,1,1,1
synthetic_binary,seed11,11,183,0,0,0,0,0,0,0,0,0,0,0,0,0,1,0,0,0
synthetic_binary,seed11,11,185,0,0,1,0,1,0,0,0,0,0,1,0,1,0,1,1,1
synthetic_binary,seed11,11,189,1,0,0,0,0,1,1,1,1,1,1,1,1,1,1,1,1
synthetic_binary,seed11,11,193,1,1,1,1,1,1,0,0,1,0,1,1,1,1,1,1,1
synthetic_binary,seed11,11,206,0,0,0,0,0,0,0,0,0,0,0,0,0,0,0,0,0
synthetic_binary,seed11,11,212,1,1,1,1,1,1,1,1,1,1,1,1,1,1,1,1,1
synthetic_binary,seed11,11,215,1,1,1,1,1,1,1,1,1,1,1,1,1,0,1,1,1
synthetic_binary,seed11,11,217,0,0,0,0,0,0,0,0,0,0,0,0,0,0,0,0,0
synthetic_binary,seed11,11,218,1,1,1,1,1,1,0,0,1,0,1,1,1,1,1,1,1
synthetic_binary,seed11,11,219,0,0,0,0,0,0,0,0,0,0,0,0,0,0,0,0,0
synthetic_binary,seed11,11,226,1,1,1,1,1,1,1,1,1,1,1,1,1,1,1,1,1
synthetic_binary,seed11,11,229,0,0,0,0,0,0,0,0,0,0,0,0,0,0,0,0,0
synthetic_binary,seed11,11,236,1,0,0,0,0,0,0,0,0,0,1,1,1,0,0,0,0
synthetic_binary,seed11,11,237,1,1,1,1,1,1,1,1,1,1,0,1,1,1,1,1,1
synthetic_binary,seed11,11,239,1,1,1,1,1,1,0,0,1,0,1,1,1,1,1,1,1
synthetic_binary,seed11,11,243,1,1,1,1,1,1,1,1,1,1,1,1,0,0,1,1,1
synthetic_binary,seed11,11,247,1,1,1,1,1,1,1,1,1,1,1,1,1,1,1,1,1
synthetic_binary,seed11,11,248,0,0,0,0,0,0,0,0,1,0,0,1,0,0,0,0,0
synthetic_binary,seed11,11,249,1,1,1,1,1,1,1,1,1,1,1,0,0,0,1,1,1
synthetic_binary,seed11,11,254,0,0,0,0,0,0,0,0,0,0,0,0,0,0,0,0,0
synthetic_binary,seed22,22,4,1,1,1,1,1,1,1,1,1,1,1,1,1,1,1,1,1
synthetic_binary,seed22,22,11,0,0,0,0,0,0,1,1,0,1,0,0,0,0,0,0,0
synthetic_binary,seed22,22,12,0,0,0,0,0,0,0,0,0,0,0,0,0,0,0,0,0
synthetic_binary,seed22,22,15,1,1,1,1,1,0,0,0,0,0,1,1,1,0,0,1,1
synthetic_binary,seed22,22,16,1,1,1,1,1,1,1,1,1,1,1,1,1,1,1,1,1
synthetic_binary,seed22,22,19,0,0,0,0,0,0,1,1,0,1,0,0,0,0,1,0,0
synthetic_binary,seed22,22,23,1,1,1,1,1,0,1,1,0,0,1,1,1,1,0,1,0
synthetic_binary,seed22,22,28,0,0,0,0,0,0,0,0,0,0,0,0,0,0,0,0,0
synthetic_binary,seed22,22,32,1,1,1,1,1,1,1,1,1,1,1,1,1,1,0,1,1
synthetic_binary,seed22,22,34,1,1,1,1,1,1,1,1,1,1,1,1,1,1,1,1,1
synthetic_binary,seed22,22,40,1,1,1,1,1,1,1,1,1,1,1,1,1,1,1,1,1
synthetic_binary,seed22,22,41,0,0,0,0,0,0,0,0,1,0,1,0,1,1,1,1,0
synthetic_binary,seed22,22,42,0,0,0,0,0,0,0,0,0,0,0,0,0,0,0,0,0
synthetic_binary,seed22,22,44,1,1,1,1,1,1,0,0,0,1,1,1,1,0,0,0,1
synthetic_binary,seed22,22,59,1,1,1,1,1,1,1,1,1,1,1,1,1,1,1,1,1
synthetic_binary,seed22,22,65,0,0,0,0,0,0,0,0,0,0,0,0,0,0,0,0,0
synthetic_binary,seed22,22,66,1,1,1,1,1,1,1,1,1,1,1,1,1,1,1,1,1
synthetic_binary,seed22,22,68,1,1,1,1,1,1,1,1,1,1,1,1,1,1,1,1,1
synthetic_binary,seed22,22,69,0,0,0,0,0,0,0,0,0,0,0,0,0,0,0,0,0
synthetic_binary,seed22,22,74,0,1,1,1,1,1,1,1,1,1,0,1,0,1,1,0,0
synthetic_binary,seed22,22,80,0,0,0,0,0,0,0,0,0,0,0,0,0,0,0,0,0
synthetic_binary,seed22,22,81,0,0,0,0,0,1,1,1,0,1,0,0,0,0,0,0,0
synthetic_binary,seed22,22,84,1,1,1,1,1,1,1,1,1,1,1,1,1,1,1,1,1
synthetic_binary,seed22,22,85,0,0,0,0,0,0,0,0,0,0,0,0,0,1,1,0,0
synthetic_binary,seed22,22,88,0,0,0,0,0,1,1,1,1,1,0,0,0,0,1,0,1
synthetic_binary,seed22,22,89,1,1,1,1,1,1,1,1,1,1,1,1,1,1,1,1,1
synthetic_binary,seed22,22,96,0,0,0,0,0,0,0,0,0,0,0,0,0,1,1,0,0
synthetic_binary,seed22,22,97,0,0,0,0,0,0,0,0,0,0,0,0,0,1,0,0,0
synthetic_binary,seed22,22,103,1,1,1,1,1,0,1,1,0,1,1,1,1,0,0,0,1
synthetic_binary,seed22,22,117,1,1,1,1,1,1,0,0,1,0,1,0,1,1,0,1,1
synthetic_binary,seed22,22,126,1,1,1,1,1,0,1,1,0,1,1,0,1,1,0,1,1
synthetic_binary,seed22,22,127,1,1,1,1,1,1,0,0,1,0,1,1,1,1,1,1,1
synthetic_binary,seed22,22,130,0,0,0,0,0,0,0,0,0,0,0,0,0,0,0,0,0
synthetic_binary,seed22,22,131,1,1,1,1,1,1,1,1,0,1,1,1,1,1,0,1,1
synthetic_binary,seed22,22,138,1,1,1,1,1,1,1,1,1,1,1,1,1,1,1,1,1
synthetic_binary,seed22,22,144,1,1,1,1,1,1,1,1,1,1,1,1,1,1,1,1,1
synthetic_binary,seed22,22,147,1,1,1,1,1,1,1,1,1,1,1,1,1,1,1,1,1
synthetic_binary,seed22,22,155,0,0,0,0,0,1,0,0,0,0,0,0,0,1,1,1,0
synthetic_binary,seed22,22,159,0,0,0,0,0,0,1,1,0,0,0,0,0,0,0,0,0
synthetic_binary,seed22,22,162,0,0,0,0,0,0,0,0,0,0,0,0,0,0,0,0,0
synthetic_binary,seed22,22,177,0,0,0,0,0,0,0,0,0,0,0,0,0,0,0,0,0
synthetic_binary,seed22,22,180,1,1,1,1,1,0,0,0,1,0,1,1,1,0,0,1,1
synthetic_binary,seed22,22,184,1,1,1,1,1,1,1,1,1,1,1,1,1,1,1,1,1
synthetic_binary,seed22,22,187,0,0,0,0,0,0,0,0,0,0,0,0,0,0,0,0,0
synthetic_binary,seed22,22,190,0,0,0,0,0,0,0,0,0,0,0,0,0,0,0,0,0
synthetic_binary,seed22,22,200,0,0,0,0,0,0,0,0,0,1,1,0,1,1,0,0,0
synthetic_binary,seed22,22,204,0,0,0,0,0,0,0,0,0,0,0,0,0,0,0,0,0
synthetic_binary,seed22,22,211,1,1,1,1,1,0,1,1,1,1,0,1,0,0,1,1,0
synthetic_binary,seed22,22,212,1,1,1,1,1,1,1,1,1,1,1,1,1,1,1,1,1
synthetic_binary,seed22,22,216,0,0,0,0,0,0,0,0,0,0,0,0,0,0,0,0,0
synthetic_binary,seed22,22,217,0,0,0,0,0,0,0,0,0,0,0,0,0,0,0,0,0
synthetic_binary,seed22,22,227,0,0,0,0,0,0,0,0,0,0,0,0,0,0,0,0,0
synthetic_binary,seed22,22,231,0,0,1,0,1,1,1,1,0,1,0,0,0,0,1,0,0
synthetic_binary,seed22,22,232,1,1,1,1,1,1,1,1,1,1,1,1,1,1,1,1,1
synthetic_binary,seed22,22,233,0,0,0,0,0,0,0,0,0,0,0,0,0,0,0,0,0
synthetic_binary,seed22,22,234,1,1,1,1,1,1,1,1,1,1,1,1,1,1,1,1,1
synthetic_binary,seed22,22,235,1,1,1,1,1,1,1,1,1,1,1,1,1,1,1,1,1
synthetic_binary,seed22,22,236,1,0,0,0,0,0,0,0,0,0,0,0,0,0,0,1,0
synthetic_binary,seed22,22,238,0,0,0,0,0,0,0,0,0,0,0,0,0,0,0,0,0
synthetic_binary,seed22,22,242,0,0,0,0,0,0,0,0,0,0,0,0,0,0,0,0,0
synthetic_binary,seed22,22,248,0,0,0,0,0,0,0,0,0,0,0,0,0,0,0,0,0
synthetic_binary,seed22,22,249,1,1,1,1,1,1,1,1,1,1,1,1,1,1,1,1,1
synthetic_binary,seed22,22,250,1,1,1,1,1,1,1,1,1,1,1,1,1,1,1,1,1
synthetic_binary,seed22,22,253,1,1,1,1,1,1,1,1,1,1,1,1,1,1,1,1,1
synthetic_binary,seed22,22,257,1,1,1,1,1,1,1,1,1,1,1,1,1,1,1,1,1
synthetic_binary,seed33,33,8,1,1,1,1,1,1,1,1,1,1,1,0,1,1,0,1,0
synthetic_binary,seed33,33,9,1,1,1,1,1,1,0,0,1,0,1,0,1,0,0,1,1
synthetic_binary,seed33,33,13,1,1,1,1,1,1,1,1,1,1,1,1,1,1,1,1,1
synthetic_binary,seed33,33,15,1,1,1,1,1,0,1,1,1,1,1,1,1,1,1,1,1
synthetic_binary,seed33,33,18,0,0,0,0,0,0,0,0,0,0,0,0,0,0,0,0,0
synthetic_binary,seed33,33,22,0,0,0,0,0,0,0,0,0,0,0,0,0,0,0,0,0
synthetic_binary,seed33,33,24,0,0,0,0,0,0,0,0,0,1,0,0,0,0,0,1,0
synthetic_binary,seed33,33,25,1,1,1,1,1,1,1,1,0,1,1,1,1,1,1,1,1
synthetic_binary,seed33,33,28,0,0,0,0,0,0,0,0,0,0,0,0,0,0,0,0,0
synthetic_binary,seed33,33,33,1,1,1,1,1,1,1,1,1,1,1,1,1,1,1,1,1
synthetic_binary,seed33,33,34,1,0,0,0,0,1,1,1,1,1,1,1,1,1,1,1,1
synthetic_binary,seed33,33,37,0,0,0,0,0,0,0,0,0,0,0,0,0,1,0,0,0
synthetic_binary,seed33,33,38,1,0,0,0,0,1,1,1,0,1,1,1,1,1,1,1,1
synthetic_binary,seed33,33,40,1,1,1,1,1,1,0,0,1,0,0,1,0,0,1,1,1
synthetic_binary,seed33,33,41,0,1,1,1,1,1,0,0,0,0,0,1,0,1,0,1,0
synthetic_binary,seed33,33,42,0,0,0,0,0,0,0,0,1,0,0,0,0,0,0,0,0
synthetic_binary,seed33,33,48,1,1,1,1,1,0,0,0,1,0,1,1,1,0,1,1,1
synthetic_binary,seed33,33,49,0,0,0,0,0,0,0,0,0,0,0,0,0,0,0,0,0
synthetic_binary,seed33,33,53,1,1,1,1,1,1,0,0,0,0,0,1,0,0,1,1,1
synthetic_binary,seed33,33,55,0,0,0,0,0,0,0,0,0,0,0,0,0,0,0,0,0
synthetic_binary,seed33,33,57,0,0,0,0,0,0,0,0,0,1,0,0,0,0,0,1,0
synthetic_binary,seed33,33,71,0,0,0,0,0,0,0,0,0,0,0,0,0,0,0,0,0
synthetic_binary,seed33,33,73,0,0,0,0,0,0,0,0,0,0,0,0,0,0,0,0,0
synthetic_binary,seed33,33,75,1,1,1,1,1,0,1,1,1,1,1,1,1,1,1,1,1
synthetic_binary,seed33,33,76,0,1,1,1,1,0,0,0,0,1,1,0,1,0,0,1,0
synthetic_binary,seed33,33,83,1,1,1,1,1,1,1,1,1,1,1,1,1,1,1,1,1
synthetic_binary,seed33,33,86,1,1,1,1,1,1,1,1,1,1,1,1,1,1,1,1,1
synthetic_binary,seed33,33,91,0,0,0,0,0,0,0,0,0,0,0,0,0,0,1,0,0
synthetic_binary,seed33,33,96,0,0,0,0,0,0,0,0,0,0,0,0,0,0,0,0,0
synthetic_binary,seed33,33,97,0,0,0,0,0,0,0,0,0,0,0,0,0,0,0,0,0
synthetic_binary,seed33,33,98,1,1,1,1,1,1,1,1,1,1,1,1,1,1,1,1,1
synthetic_binary,seed33,33,115,0,0,0,0,0,0,0,0,0,0,0,0,0,0,0,0,0
synthetic_binary,seed33,33,120,0,0,0,0,0,0,0,0,0,0,0,0,0,0,0,0,0
synthetic_binary,seed33,33,121,1,1,1,1,1,1,1,1,1,0,1,1,1,0,0,0,1
synthetic_binary,seed33,33,122,1,1,1,1,1,1,1,1,1,1,1,1,1,1,1,1,1
synthetic_binary,seed33,33,126,1,1,1,1,1,1,0,0,0,0,1,0,1,0,0,0,0
synthetic_binary,seed33,33,128,1,1,1,1,1,1,1,1,1,1,1,1,1,1,1,1,1
synthetic_binary,seed33,33,133,0,0,0,0,0,0,0,0,0,0,0,0,0,0,0,0,0
synthetic_binary,seed33,33,134,0,0,0,0,0,0,0,0,0,0,0,0,0,0,0,0,0
synthetic_binary,seed33,33,141,0,0,0,0,0,0,0,0,0,0,0,0,0,0,0,0,0
synthetic_binary,seed33,33,146,1,1,1,1,1,1,1,1,1,1,1,1,1,1,1,1,0
synthetic_binary,seed33,33,150,0,0,0,0,0,0,0,0,0,0,0,0,0,0,0,0,0
synthetic_binary,seed33,33,153,0,0,1,0,1,1,0,0,0,0,0,0,0,0,0,1,1
synthetic_binary,seed33,33,154,1,1,1,1,1,1,1,1,1,0,1,1,1,0,0,1,1
synthetic_binary,seed33,33,161,0,0,0,0,0,0,0,0,0,0,1,0,1,0,1,1,0
synthetic_binary,seed33,33,162,0,0,0,0,0,0,0,0,0,0,0,0,0,0,1,0,0
synthetic_binary,seed33,33,176,1,1,1,1,1,1,1,1,1,1,1,1,1,1,1,1,1
synthetic_binary,seed33,33,177,0,0,0,0,0,0,0,0,0,0,0,0,0,0,0,0,0
synthetic_binary,seed33,33,179,1,1,1,1,1,1,1,1,1,1,1,1,1,1,1,1,1
synthetic_binary,seed33,33,192,1,1,1,1,1,1,1,1,1,1,1,1,1,1,1,1,1
synthetic_binary,seed33,33,193,1,1,1,1,1,1,1,1,1,1,1,1,1,1,1,1,1
synthetic_binary,seed33,33,197,1,1,1,1,1,1,1,1,1,1,1,1,1,1,1,1,1
synthetic_binary,seed33,33,204,0,0,0,0,0,0,0,0,0,1,0,0,0,0,0,1,0
synthetic_binary,seed33,33,206,0,0,0,0,0,0,0,0,0,0,0,0,0,0,0,0,0
synthetic_binary,seed33,33,208,0,0,0,0,0,0,0,0,0,0,0,0,0,0,1,0,0
synthetic_binary,seed33,33,228,1,1,1,1,1,1,1,1,1,1,1,1,1,1,1,1,1
synthetic_binary,seed33,33,232,1,1,1,1,1,1,1,1,1,1,1,1,1,1,1,1,1
synthetic_binary,seed33,33,234,1,1,1,1,1,1,1,1,1,1,1,1,1,1,1,1,1
synthetic_binary,seed33,33,238,0,0,0,0,0,0,0,0,0,0,0,0,0,0,0,0,0
synthetic_binary,seed33,33,241,1,1,1,1,1,1,1,1,1,0,1,0,1,0,0,0,1
synthetic_binary,seed33,33,246,0,0,0,0,0,0,1,1,0,1,0,0,0,1,0,0,0
synthetic_binary,seed33,33,250,1,1,1,1,1,1,1,1,1,1,1,1,1,1,1,1,1
synthetic_binary,seed33,33,251,1,1,1,1,1,1,1,1,1,1,1,1,1,1,1,1,1
synthetic_binary,seed33,33,253,1,1,1,1,1,0,1,1,0,1,1,1,1,1,1,1,1
synthetic_binary,seed33,33,256,0,0,0,0,0,0,0,0,0,0,0,0,0,1,1,0,0
synthetic_binary,seed44,44,0,1,1,1,1,1,1,1,1,1,1,1,1,1,1,1,0,1
synthetic_binary,seed44,44,2,0,0,1,0,1,0,0,0,0,1,0,0,1,0,0,0,0
synthetic_binary,seed44,44,4,1,1,1,1,1,1,1,1,1,1,1,1,1,1,1,1,1
synthetic_binary,seed44,44,7,1,1,1,1,1,1,1,1,1,1,1,1,1,1,1,1,1
synthetic_binary,seed44,44,10,0,0,0,0,0,0,0,0,0,0,0,0,0,0,0,0,0
synthetic_binary,seed44,44,16,1,1,1,1,1,1,1,1,1,1,0,1,1,1,1,1,1
synthetic_binary,seed44,44,28,0,0,0,0,0,0,0,0,0,0,0,0,0,0,0,0,0
synthetic_binary,seed44,44,30,1,1,1,1,1,1,1,1,1,1,1,1,1,1,1,1,1
synthetic_binary,seed44,44,40,1,1,1,1,1,1,1,1,1,1,1,1,1,1,1,1,1
synthetic_binary,seed44,44,46,1,1,1,1,1,1,1,1,0,0,1,1,1,1,0,1,1
synthetic_binary,seed44,44,49,0,0,0,0,0,0,0,0,0,0,0,0,0,0,0,0,0
synthetic_binary,seed44,44,55,0,0,0,0,0,0,0,0,0,0,0,0,0,0,0,0,0
synthetic_binary,seed44,44,56,1,1,1,1,1,1,1,1,1,1,1,1,1,1,1,1,1
synthetic_binary,seed44,44,57,0,0,0,0,0,0,0,0,0,0,0,0,0,0,0,0,0
synthetic_binary,seed44,44,62,1,1,1,1,1,1,1,1,1,1,1,1,1,1,1,1,1
synthetic_binary,seed44,44,76,0,1,1,1,1,0,0,0,0,0,0,1,1,0,1,1,0
synthetic_binary,seed44,44,77,0,0,0,0,0,0,0,0,0,0,0,0,0,0,0,0,0
synthetic_binary,seed44,44,78,1,1,1,1,1,1,1,1,1,1,1,1,1,1,1,1,1
synthetic_binary,seed44,44,82,1,1,1,1,1,1,1,1,1,1,0,1,1,1,1,1,1
synthetic_binary,seed44,44,92,1,1,1,1,1,1,0,0,0,1,1,1,1,1,1,1,1
synthetic_binary,seed44,44,97,0,0,0,0,0,0,0,0,0,0,0,0,0,0,1,0,0
synthetic_binary,seed44,44,98,1,1,1,1,1,1,1,1,1,1,1,1,1,1,1,1,1
synthetic_binary,seed44,44,103,1,1,1,1,1,0,0,0,1,1,1,1,1,1,1,0,1
synthetic_binary,seed44,44,108,1,0,0,0,0,0,0,0,0,1,0,0,0,1,0,1,0
synthetic_binary,seed44,44,113,0,0,0,0,0,0,0,0,1,1,1,0,0,1,1,0,1
synthetic_binary,seed44,44,115,0,0,0,0,0,0,0,0,0,0,0,0,0,0,0,0,0
synthetic_binary,seed44,44,118,0,0,0,0,0,0,0,0,0,0,0,0,0,0,0,0,0
synthetic_binary,seed44,44,121,1,1,1,1,1,1,1,1,0,1,1,1,1,1,0,1,1
synthetic_binary,seed44,44,134,0,0,0,0,0,0,0,0,0,0,0,0,0,0,0,0,0
synthetic_binary,seed44,44,139,0,0,0,0,0,1,0,0,0,1,0,0,0,0,0,0,1
synthetic_binary,seed44,44,144,1,1,1,1,1,1,1,1,1,1,1,1,1,1,1,1,1
synthetic_binary,seed44,44,145,0,0,0,0,0,0,0,0,0,0,0,0,0,0,0,0,0
synthetic_binary,seed44,44,146,1,1,1,1,1,1,1,1,1,1,1,1,1,1,1,1,1
synthetic_binary,seed44,44,161,0,0,0,0,0,0,0,0,1,0,1,0,0,0,0,1,0
synthetic_binary,seed44,44,162,0,0,0,0,0,0,0,0,0,0,0,0,0,1,0,0,0
synthetic_binary,seed44,44,164,0,1,1,1,1,1,0,0,1,0,0,1,1,1,0,0,1
synthetic_binary,seed44,44,166,1,1,1,1,1,1,1,1,1,1,1,1,0,1,0,0,1
synthetic_binary,seed44,44,174,1,1,1,1,1,1,1,1,1,1,1,1,1,1,1,1,1
synthetic_binary,seed44,44,175,1,1,1,1,1,1,1,1,1,1,1,1,1,1,1,1,1
synthetic_binary,seed44,44,178,1,1,1,1,1,1,1,1,1,1,1,1,1,1,1,1,1
synthetic_binary,seed44,44,180,1,1,1,1,1,0,1,1,1,1,1,1,1,0,0,1,0
synthetic_binary,seed44,44,181,0,0,0,0,0,0,0,0,0,0,0,0,0,0,0,0,0
synthetic_binary,seed44,44,187,0,0,0,0,0,0,0,0,0,0,0,0,0,0,0,0,0
synthetic_binary,seed44,44,194,0,0,0,0,0,0,0,0,0,0,0,0,0,0,0,0,0
synthetic_binary,seed44,44,195,1,1,1,1,1,1,1,1,1,1,1,1,1,1,1,1,1
synthetic_binary,seed44,44,197,1,1,1,1,1,1,1,1,1,1,1,1,1,1,1,1,1
synthetic_binary,seed44,44,199,0,0,0,0,0,0,0,0,0,0,0,0,0,0,0,0,0
synthetic_binary,seed44,44,200,0,0,0,0,0,0,0,0,0,1,1,1,0,0,1,0,1
synthetic_binary,seed44,44,202,1,1,1,1,1,1,1,1,1,1,1,1,1,1,1,1,1
synthetic_binary,seed44,44,204,0,0,0,0,0,0,0,0,0,0,0,0,0,0,0,0,0
synthetic_binary,seed44,44,206,0,0,0,0,0,0,0,0,0,0,0,0,0,0,0,0,0
synthetic_binary,seed44,44,210,0,0,0,0,0,0,0,0,0,0,0,0,0,0,0,0,0
synthetic_binary,seed44,44,217,0,0,0,0,0,0,0,0,0,0,0,0,0,0,0,0,0
synthetic_binary,seed44,44,222,0,0,0,0,0,0,0,0,0,0,0,0,0,0,0,0,0
synthetic_binary,seed44,44,223,0,0,0,0,0,0,0,0,1,0,1,0,0,0,0,0,0
synthetic_binary,seed44,44,224,0,0,0,0,0,0,0,0,0,0,0,0,0,0,0,0,0
synthetic_binary,seed44,44,228,1,1,1,1,1,1,1,1,1,1,1,1,1,1,1,1,1
synthetic_binary,seed44,44,232,1,1,1,1,1,1,1,1,1,1,1,1,1,1,1,1,1
synthetic_binary,seed44,44,234,1,1,1,1,1,1,1,1,1,1,1,1,1,1,1,1,1
synthetic_binary,seed44,44,235,1,1,1,1,1,1,1,1,1,1,1,1,1,1,0,1,1
synthetic_binary,seed44,44,239,1,1,1,1,1,1,0,0,1,1,1,1,1,1,1,1,1
synthetic_binary,seed44,44,242,0,0,0,0,0,0,0,0,0,0,0,0,0,0,0,0,0
synthetic_binary,seed44,44,245,1,1,0,1,0,0,0,0,0,0,1,0,0,1,0,0,0
synthetic_binary,seed44,44,246,0,0,0,0,0,1,0,0,0,0,0,0,0,1,0,0,0
synthetic_binary,seed44,44,251,1,1,1,1,1,1,1,1,1,1,1,1,1,1,1,1,1
synthetic_binary,seed55,55,0,1,1,1,1,1,1,1,1,1,1,1,1,1,1,1,1,0
synthetic_binary,seed55,55,1,0,0,0,0,0,1,0,0,1,0,0,1,0,1,1,1,1
synthetic_binary,seed55,55,7,1,1,1,1,1,0,1,1,1,1,1,1,1,1,1,1,1
synthetic_binary,seed55,55,9,1,1,1,1,1,1,0,0,1,0,1,0,0,0,1,0,1
synthetic_binary,seed55,55,16,1,1,1,1,1,1,1,1,1,1,1,1,1,1,1,1,1
synthetic_binary,seed55,55,24,0,0,0,0,0,0,0,0,0,0,0,0,0,0,0,0,0
synthetic_binary,seed55,55,27,1,1,1,1,1,1,1,1,1,1,1,1,1,1,1,1,1
synthetic_binary,seed55,55,34,1,0,1,0,1,1,1,1,1,1,1,1,1,0,1,1,1
synthetic_binary,seed55,55,43,1,1,1,1,1,1,1,1,1,1,1,1,1,1,1,1,1
synthetic_binary,seed55,55,44,1,1,1,1,1,1,0,0,1,1,1,1,0,1,1,1,1
synthetic_binary,seed55,55,52,1,1,1,1,1,0,1,1,1,1,1,1,1,1,1,1,1
synthetic_binary,seed55,55,60,0,0,0,0,0,0,0,0,0,0,0,0,0,0,0,0,0
synthetic_binary,seed55,55,62,1,1,1,1,1,1,1,1,1,1,1,1,1,1,1,1,1
synthetic_binary,seed55,55,63,0,0,0,0,0,0,0,0,0,0,0,0,0,0,0,0,0
synthetic_binary,seed55,55,69,0,0,0,0,0,0,0,0,0,0,0,0,0,1,0,0,1
synthetic_binary,seed55,55,71,0,0,0,0,0,0,0,0,0,0,0,0,0,0,0,0,0
synthetic_binary,seed55,55,73,0,0,0,0,0,0,0,0,0,0,0,0,0,0,0,0,0
synthetic_binary,seed55,55,76,0,1,1,1,1,0,0,0,1,0,0,0,0,0,1,0,0
synthetic_binary,seed55,55,79,0,0,0,0,0,0,0,0,0,0,0,0,0,1,0,0,0
synthetic_binary,seed55,55,81,0,0,0,0,0,0,0,0,0,0,0,0,0,0,0,0,0
synthetic_binary,seed55,55,90,1,1,1,1,1,1,1,1,1,1,1,1,1,1,1,1,1
synthetic_binary,seed55,55,93,1,1,1,1,1,1,1,1,1,1,1,1,1,1,1,1,1
synthetic_binary,seed55,55,94,1,1,1,1,1,1,1,1,1,1,1,1,1,1,1,1,1
synthetic_binary,seed55,55,98,1,1,1,1,1,1,1,1,1,1,1,1,1,1,1,1,1
synthetic_binary,seed55,55,99,0,0,0,0,0,0,0,0,0,0,0,0,0,0,1,0,0
synthetic_binary,seed55,55,105,0,0,0,0,0,0,0,0,0,0,0,0,0,0,0,0,0
synthetic_binary,seed55,55,111,0,0,0,0,0,0,0,0,0,0,0,0,0,0,0,0,0
synthetic_binary,seed55,55,113,0,0,0,0,0,0,1,1,0,0,1,0,0,1,1,0,1
synthetic_binary,seed55,55,120,0,0,0,0,0,0,0,0,0,0,0,0,0,0,0,0,0
synthetic_binary,seed55,55,123,1,1,1,1,1,1,1,1,1,1,1,1,1,1,1,1,1
synthetic_binary,seed55,55,131,1,1,1,1,1,1,1,1,1,1,1,1,1,1,0,1,1
synthetic_binary,seed55,55,139,0,0,0,0,0,1,0,0,0,0,1,0,0,1,1,0,1
synthetic_binary,seed55,55,140,0,0,0,0,0,0,0,0,0,0,0,0,0,0,0,0,0
synthetic_binary,seed55,55,145,0,0,0,0,0,0,0,0,0,0,0,0,0,0,0,0,0
synthetic_binary,seed55,55,150,0,0,0,0,0,0,0,0,0,0,0,0,0,0,0,0,0
synthetic_binary,seed55,55,156,1,1,1,1,1,1,1,1,1,1,1,1,1,1,1,1,1
synthetic_binary,seed55,55,157,1,1,1,1,1,0,1,1,1,1,1,1,1,1,1,0,1
synthetic_binary,seed55,55,163,1,1,1,1,1,1,1,1,1,1,1,1,0,1,0,1,0
synthetic_binary,seed55,55,170,1,1,1,1,1,1,1,1,1,1,1,1,1,1,1,1,1
synthetic_binary,seed55,55,178,1,1,1,1,1,0,1,1,1,1,1,1,1,0,1,1,1
synthetic_binary,seed55,55,179,1,1,1,1,1,0,1,1,1,1,1,1,1,0,1,1,1
synthetic_binary,seed55,55,183,0,0,0,0,0,0,0,0,0,0,1,0,0,0,0,0,1
synthetic_binary,seed55,55,187,0,0,0,0,0,0,0,0,0,0,0,0,0,0,0,0,0
synthetic_binary,seed55,55,188,0,0,0,0,0,0,0,0,0,0,0,0,0,0,0,0,0
synthetic_binary,seed55,55,192,1,1,1,1,1,1,1,1,1,1,1,1,1,1,1,1,1
synthetic_binary,seed55,55,196,0,0,0,0,0,0,0,0,0,0,0,0,0,0,0,0,0
synthetic_binary,seed55,55,197,1,1,1,1,1,1,1,1,1,1,1,1,1,1,1,1,1
synthetic_binary,seed55,55,200,0,0,0,0,0,0,0,0,1,0,1,0,0,1,1,0,1
synthetic_binary,seed55,55,201,0,0,0,0,0,0,0,0,0,0,0,0,0,0,0,0,0
synthetic_binary,seed55,55,202,1,1,1,1,1,1,1,1,1,1,1,1,1,1,1,1,1
synthetic_binary,seed55,55,205,1,1,1,1,1,1,1,1,1,1,1,1,1,1,1,1,1
synthetic_binary,seed55,55,213,1,1,1,1,1,1,1,1,1,1,1,1,1,1,1,1,1
synthetic_binary,seed55,55,223,0,0,0,0,0,1,1,1,0,1,0,1,0,1,0,0,0
synthetic_binary,seed55,55,226,1,1,1,1,1,1,1,1,1,1,1,1,1,1,1,1,1
synthetic_binary,seed55,55,227,0,0,0,0,0,0,0,0,0,0,0,0,0,0,0,0,0
synthetic_binary,seed55,55,233,0,0,0,0,0,0,0,0,0,0,0,0,0,0,0,0,0
synthetic_binary,seed55,55,240,0,0,0,0,0,0,0,0,0,0,0,0,0,0,0,0,0
synthetic_binary,seed55,55,244,1,1,1,1,1,1,0,0,0,1,1,1,1,1,1,1,1
synthetic_binary,seed55,55,245,1,1,0,1,0,0,0,0,1,0,1,1,1,0,1,0,0
synthetic_binary,seed55,55,246,0,0,0,0,0,1,1,1,0,1,0,1,0,0,0,0,0
synthetic_binary,seed55,55,247,1,1,1,1,1,1,1,1,1,1,1,1,1,1,1,1,1
synthetic_binary,seed55,55,251,1,1,1,1,1,1,1,1,1,1,1,1,1,1,1,1,1
synthetic_binary,seed55,55,253,1,1,1,1,1,0,1,1,1,1,1,1,1,1,1,1,1
synthetic_binary,seed55,55,254,0,0,0,0,0,0,0,0,0,0,0,0,0,0,0,0,0
synthetic_binary,seed55,55,259,0,0,0,0,0,0,0,0,0,0,0,0,0,0,0,0,0
synthetic_binary,seed66,66,3,0,0,0,0,0,0,0,0,0,0,0,0,0,0,0,1,1
synthetic_binary,seed66,66,7,1,1,1,1,1,1,1,1,1,1,1,1,1,1,1,1,1
synthetic_binary,seed66,66,17,0,0,0,0,0,0,0,0,0,0,0,0,0,0,0,0,0
synthetic_binary,seed66,66,24,0,0,0,0,0,0,0,0,0,1,0,0,0,0,0,0,0
synthetic_binary,seed66,66,26,0,0,0,0,0,0,1,1,1,1,0,0,0,0,0,0,0
synthetic_binary,seed66,66,35,1,1,1,1,1,1,1,1,1,1,1,1,1,1,1,1,1
synthetic_binary,seed66,66,37,0,0,0,0,0,0,0,0,0,0,0,0,0,0,0,0,0
synthetic_binary,seed66,66,38,1,0,0,0,0,1,1,1,1,1,0,1,0,1,0,0,0
synthetic_binary,seed66,66,45,1,1,1,1,1,1,1,1,1,1,1,1,1,1,1,1,1
synthetic_binary,seed66,66,47,1,1,1,1,1,1,1,1,1,1,1,1,1,1,1,1,1
synthetic_binary,seed66,66,49,0,0,0,0,0,0,0,0,0,0,0,0,0,0,0,0,0
synthetic_binary,seed66,66,51,0,0,0,0,0,1,0,0,0,0,0,0,0,0,1,0,0
synthetic_binary,seed66,66,52,1,1,1,1,1,1,1,1,1,1,1,1,1,1,1,1,1
synthetic_binary,seed66,66,56,1,1,1,1,1,1,1,1,1,1,1,1,1,1,1,1,1
synthetic_binary,seed66,66,62,1,1,1,1,1,1,1,1,1,1,1,1,1,1,1,1,1
synthetic_binary,seed66,66,65,0,0,0,0,0,0,0,0,0,0,0,0,0,1,0,0,0
synthetic_binary,seed66,66,66,1,1,1,1,1,1,1,1,1,1,1,1,1,1,1,1,1
synthetic_binary,seed66,66,68,1,1,1,1,1,1,1,1,1,1,1,1,1,1,1,1,1
synthetic_binary,seed66,66,71,0,0,0,0,0,0,0,0,0,0,0,0,0,0,0,0,0
synthetic_binary,seed66,66,72,0,0,0,0,0,1,0,0,1,0,1,0,1,1,0,0,1
synthetic_binary,seed66,66,75,1,1,1,1,1,1,1,1,1,1,1,1,1,1,1,1,1
synthetic_binary,seed66,66,78,1,1,1,1,1,1,1,1,1,1,1,1,1,1,1,1,1
synthetic_binary,seed66,66,81,0,0,0,0,0,1,0,0,0,0,0,0,0,1,0,0,0
synthetic_binary,seed66,66,89,1,1,1,1,1,1,1,1,1,1,1,1,1,1,1,1,1
synthetic_binary,seed66,66,92,1,1,1,1,1,1,0,0,1,0,1,1,1,1,0,0,1
synthetic_binary,seed66,66,94,1,1,1,1,1,1,1,1,1,1,1,1,1,1,1,1,1
synthetic_binary,seed66,66,98,1,1,1,1,1,1,1,1,1,1,1,1,1,1,1,1,1
synthetic_binary,seed66,66,100,0,0,0,0,0,0,0,0,0,0,0,0,0,0,0,0,0
synthetic_binary,seed66,66,105,0,0,0,0,0,0,0,0,0,0,0,0,0,0,0,0,0
synthetic_binary,seed66,66,107,1,1,1,1,1,0,1,1,0,1,0,1,0,0,1,1,1
synthetic_binary,seed66,66,114,0,0,0,0,0,0,0,0,0,0,0,0,0,0,0,0,0
synthetic_binary,seed66,66,118,0,0,0,0,0,0,0,0,0,0,0,0,0,0,0,0,0
synthetic_binary,seed66,66,119,0,0,0,0,0,0,0,0,0,0,0,0,0,0,0,0,0
synthetic_binary,seed66,66,121,1,1,1,1,1,0,1,1,0,1,1,1,1,0,1,1,0
synthetic_binary,seed66,66,125,1,1,1,1,1,1,1,1,1,1,1,1,1,1,1,1,1
synthetic_binary,seed66,66,143,1,1,1,1,1,1,1,1,1,1,1,1,1,1,1,1,1
synthetic_binary,seed66,66,145,0,0,0,0,0,0,0,0,0,0,0,0,0,0,0,0,0
synthetic_binary,seed66,66,148,0,0,0,0,0,0,1,1,0,0,0,0,0,0,0,0,0
synthetic_binary,seed66,66,150,0,0,0,0,0,0,0,0,0,0,0,0,0,0,0,0,0
synthetic_binary,seed66,66,152,0,0,0,0,0,0,0,0,0,0,0,0,0,0,0,0,0
synthetic_binary,seed66,66,158,1,1,1,1,1,1,1,1,1,1,1,1,1,1,1,1,1
synthetic_binary,seed66,66,159,0,0,0,0,0,0,0,0,0,0,0,0,0,0,0,0,0
synthetic_binary,seed66,66,163,1,1,1,1,1,0,1,1,1,0,0,0,0,0,0,0,0
synthetic_binary,seed66,66,166,1,1,1,1,1,1,0,0,1,0,0,1,0,1,0,1,0
synthetic_binary,seed66,66,168,1,1,1,1,1,1,1,1,1,1,1,1,1,1,1,1,1
synthetic_binary,seed66,66,176,1,1,1,1,1,1,1,1,1,1,1,1,1,1,1,1,1
synthetic_binary,seed66,66,182,0,0,0,0,0,0,0,0,0,0,0,0,0,0,0,0,0
synthetic_binary,seed66,66,187,0,0,0,0,0,0,0,0,0,0,0,0,0,0,0,0,0
synthetic_binary,seed66,66,204,0,0,0,0,0,0,0,0,0,0,0,0,0,0,0,0,0
synthetic_binary,seed66,66,205,1,1,1,1,1,1,1,1,1,1,1,1,1,1,1,1,1
synthetic_binary,seed66,66,206,0,0,0,0,0,0,0,0,0,0,0,0,0,0,0,0,0
synthetic_binary,seed66,66,208,0,0,0,0,0,1,0,0,0,0,1,0,1,0,1,0,0
synthetic_binary,seed66,66,211,1,1,0,1,0,1,0,0,1,0,1,1,1,1,0,0,1
synthetic_binary,seed66,66,230,1,1,1,1,1,1,1,1,0,1,0,1,0,1,0,1,1
synthetic_binary,seed66,66,231,0,0,1,0,1,0,1,1,0,1,0,0,0,0,0,0,1
synthetic_binary,seed66,66,235,1,1,1,1,1,1,1,1,1,1,1,1,1,1,1,1,1
synthetic_binary,seed66,66,238,0,0,0,0,0,0,0,0,0,0,0,0,0,0,0,0,0
synthetic_binary,seed66,66,240,0,0,0,0,0,1,1,1,0,1,0,0,0,1,0,0,1
synthetic_binary,seed66,66,243,1,1,1,1,1,1,1,1,1,1,1,1,1,1,1,0,1
synthetic_binary,seed66,66,246,0,0,0,0,0,1,0,0,0,0,0,1,0,0,1,0,1
synthetic_binary,seed66,66,248,0,0,0,0,0,0,1,1,0,1,0,0,0,1,0,0,0
synthetic_binary,seed66,66,251,1,1,1,1,1,1,1,1,1,1,1,1,1,1,1,1,1
synthetic_binary,seed66,66,252,1,1,1,1,1,1,1,1,1,1,1,1,1,1,1,1,1
synthetic_binary,seed66,66,254,0,0,0,0,0,0,0,0,0,0,0,0,0,0,0,0,0
synthetic_binary,seed66,66,255,1,1,1,1,1,1,1,1,1,1,1,1,1,1,0,1,1
