mlp_training_time,tree_training_time,query_time,semantic_processing_time,reasoner_time,counterfactual_time,accuracy_real_labels,balanced_accuracy_real_labels,precision_macro_real_labels,recall_macro_real_labels,macro_f1_real_labels,weighted_f1_real_labels,minority_recall_real_labels,fidelity_to_oracle,fidelity_oracle_name,fidelity_oracle_type,oracle_name,oracle_type,oracle_feature_space,oracle_version,oracle_accuracy_real_labels,mlp_selection,mlp_trials,feature_space,dataset,split_id,seed,repeat,fold,split_hash,scheme,n_train,n_test,minority_label,arm,family,role,description,semantic_source,semantic_available,mlp_enrichment_accepted,uses_oracle,uses_real_labels_for_training,node_count,internal_nodes,leaf_count,depth,average_leaf_depth,average_rule_length,features_used,m_of_n_count,semantic_split_count,semantic_decision_changed_count,membership_queries,query_budget,query_budget_exhausted,semantic_mirror_applied,lambda_semantic,tree_max_n,identical_predictions_to_trepan_original
0.036678256999948644,,,0.0,0.0,,0.9538461538461539,0.9545454545454546,0.9571428571428571,0.9545454545454546,0.9538024164889836,0.9537805478103986,1.0,,,,,,,,,adaptive_factory_default,0.0,original,synthetic_binary,seed11,11,0,0,1e5cb6880325d5679694c91c3940953fcc4897149a82388ab47e4cf3d704708f,holdout,195,65,0,mlp_original,mlp,main,MLP treinado no espaço original,none,True,True,,,,,,,,,,,,,,,,,,,
0.027220571000043492,,,0.04552572500006136,0.5091743349998978,,0.9230769230769231,0.9232954545454546,0.9232954545454546,0.9232954545454546,0.9230769230769231,0.9230769230769231,0.9375,,,,,,,,,adaptive_factory_default,0.0,enriched,synthetic_binary,seed11,11,0,0,1e5cb6880325d5679694c91c3940953fcc4897149a82388ab47e4cf3d704708f,holdout,195,65,0,mlp_ontological,mlp,main,MLP treinado no espaço enriquecido (OWL real),none,True,True,,,,,,,,,,,,,,,,,,,
,0.11014890599994942,,0.0,0.0,,0.9076923076923077,0.9067234848484849,0.9145752895752897,0.9067234848484849,0.9071428571428571,0.9072527472527473,0.84375,,,,,,,,,,,original,synthetic_binary,seed11,11,0,0,1e5cb6880325d5679694c91c3940953fcc4897149a82388ab47e4cf3d704708f,holdout,195,65,0,c45,c45,main,C4.5 supervisionado com rótulos reais,none,True,True,False,True,25.0,12.0,13.0,9.0,5.230769230769231,5.230769230769231,6.0,0.0,0.0,,,,,,,,
,0.3931830080000509,0.022341048000043884,0.0,0.0,,0.8769230769230769,0.8773674242424243,0.8780834914611005,0.8773674242424243,0.8768939393939394,0.8768648018648019,0.90625,0.8615384615384616,MLP Original,MLPClassifier(original features),MLP Original,MLPClassifier(original features),9.0,sklearn-pipeline;seed=11,0.9538461538461539,,,original,synthetic_binary,seed11,11,0,0,1e5cb6880325d5679694c91c3940953fcc4897149a82388ab47e4cf3d704708f,holdout,195,65,0,trepan_original,trepan_original,main,TREPAN Original -> MLP Original,none,True,True,True,False,13.0,6.0,7.0,4.0,3.0,3.0,4.0,6.0,0.0,0.0,2263.0,6000.0,False,False,0.0,3.0,
,0.5945474099999046,0.04007458000023689,0.0,0.0,,0.8769230769230769,0.8773674242424243,0.8780834914611005,0.8773674242424243,0.8768939393939394,0.8768648018648019,0.90625,0.8615384615384616,MLP Original,MLPClassifier(original features),MLP Original,MLPClassifier(original features),9.0,sklearn-pipeline;seed=11,0.9538461538461539,,,original,synthetic_binary,seed11,11,0,0,1e5cb6880325d5679694c91c3940953fcc4897149a82388ab47e4cf3d704708f,holdout,195,65,0,reloaded_lambda0,trepan_reloaded,main,"Reloaded sem semântica (λ=0), mesma infraestrutura -> MLP Original",none,True,True,True,False,13.0,6.0,7.0,4.0,3.0,3.0,4.0,6.0,0.0,0.0,2263.0,6000.0,False,False,0.0,3.0,True
,4.281779141000015,0.37237820399991506,0.04552572500006136,0.5091743349998978,,0.8,0.7982954545454546,0.815,0.7982954545454546,0.7969238163902908,0.7973083393415045,0.6875,0.7846153846153846,MLP Original,MLPClassifier(original features),MLP Original,MLPClassifier(original features),9.0,sklearn-pipeline;seed=11,0.9538461538461539,,,original,synthetic_binary,seed11,11,0,0,1e5cb6880325d5679694c91c3940953fcc4897149a82388ab47e4cf3d704708f,holdout,195,65,0,reloaded_semantic_score,trepan_reloaded,main,Reloaded + score semântico (features originais) -> MLP Original,real,True,True,True,False,15.0,7.0,8.0,4.0,3.25,3.25,7.0,7.0,7.0,2.0,2285.0,6000.0,False,False,1.0,3.0,
,1.3261120639999717,0.02724400900024193,0.04552572500006136,0.5091743349998978,,0.8461538461538461,0.8461174242424243,0.8461174242424243,0.8461174242424243,0.8461174242424243,0.8461538461538461,0.84375,0.8307692307692308,MLP Original,MLPClassifier(original features),MLP Original,MLPClassifier(original features),9.0,sklearn-pipeline;seed=11,0.9538461538461539,,,enriched,synthetic_binary,seed11,11,0,0,1e5cb6880325d5679694c91c3940953fcc4897149a82388ab47e4cf3d704708f,holdout,195,65,0,reloaded_owl_features,trepan_reloaded,main,"Reloaded + features OWL, sem score semântico (λ=0) -> MLP Original",real,True,True,True,False,13.0,6.0,7.0,4.0,3.0,3.0,4.0,6.0,0.0,0.0,2263.0,6000.0,False,True,0.0,3.0,
,4.566146411000091,0.45538805499973023,0.04552572500006136,0.5091743349998978,,0.8615384615384616,0.8607954545454546,0.8649425287356323,0.8607954545454546,0.8610121168923734,0.8611437030538954,0.8125,0.8461538461538461,MLP Original,MLPClassifier(original features),MLP Original,MLPClassifier(original features),9.0,sklearn-pipeline;seed=11,0.9538461538461539,,,enriched,synthetic_binary,seed11,11,0,0,1e5cb6880325d5679694c91c3940953fcc4897149a82388ab47e4cf3d704708f,holdout,195,65,0,reloaded_owl_full,trepan_reloaded,main,Reloaded + OWL real completa -> MLP Original (mesmo oráculo),real,True,True,True,False,15.0,7.0,8.0,4.0,3.25,3.25,10.0,6.0,7.0,4.0,2360.0,6000.0,False,False,1.0,3.0,
,4.730806083000061,0.49378853899952446,0.03873120400021435,0.5250338559999363,,0.8769230769230769,0.8764204545454546,0.8785714285714286,0.8764204545454546,0.8766603415559773,0.8767479200116771,0.84375,0.8307692307692308,MLP Original,MLPClassifier(original features),MLP Original,MLPClassifier(original features),9.0,sklearn-pipeline;seed=11,0.9538461538461539,,,enriched,synthetic_binary,seed11,11,0,0,1e5cb6880325d5679694c91c3940953fcc4897149a82388ab47e4cf3d704708f,holdout,195,65,0,reloaded_owl_shuffled,trepan_reloaded,main,CONTROLO NEGATIVO: Reloaded + OWL permutada -> MLP Original,shuffled,True,True,True,False,15.0,7.0,8.0,5.0,3.375,3.375,8.0,6.0,7.0,4.0,2275.0,6000.0,False,False,1.0,3.0,
,4.878307718999849,0.6407787120001558,0.04552572500006136,0.5091743349998978,,0.8769230769230769,0.8764204545454546,0.8785714285714286,0.8764204545454546,0.8766603415559773,0.8767479200116771,0.84375,0.8615384615384616,MLP Ontológico,MLPClassifier(enriched features),MLP Ontológico,MLPClassifier(enriched features),12.0,sklearn-pipeline;seed=11,0.9230769230769231,,,enriched,synthetic_binary,seed11,11,0,0,1e5cb6880325d5679694c91c3940953fcc4897149a82388ab47e4cf3d704708f,holdout,195,65,0,reloaded_e2e,trepan_reloaded,main,Pipeline completo: Reloaded + OWL real -> oráculo seleccionado pelo gate,real,True,True,True,False,15.0,7.0,8.0,4.0,3.25,3.25,7.0,7.0,7.0,3.0,2200.0,6000.0,False,False,1.0,3.0,
,0.3944252730000244,0.02799448799964921,0.0,0.0,,0.7384615384615385,0.7386363636363636,0.7386363636363636,0.7386363636363636,0.7384615384615385,0.7384615384615385,0.75,0.7230769230769231,MLP Original,MLPClassifier(original features),MLP Original,MLPClassifier(original features),9.0,sklearn-pipeline;seed=11,0.9538461538461539,,,original,synthetic_binary,seed11,11,0,0,1e5cb6880325d5679694c91c3940953fcc4897149a82388ab47e4cf3d704708f,holdout,195,65,0,trepan_original_no_mofn,trepan_original,ablation,TREPAN Original sem m-of-n (max_n=1),none,True,True,True,False,13.0,6.0,7.0,4.0,3.0,3.0,4.0,0.0,0.0,0.0,2219.0,6000.0,False,False,0.0,1.0,
,2.005588966000005,0.5809535389998928,0.04552572500006136,0.5091743349998978,,0.7692307692307693,0.7679924242424243,0.7758284600389863,0.7679924242424243,0.767247553115302,0.7675780891345465,0.6875,0.7846153846153846,MLP Original,MLPClassifier(original features),MLP Original,MLPClassifier(original features),9.0,sklearn-pipeline;seed=11,0.9538461538461539,,,enriched,synthetic_binary,seed11,11,0,0,1e5cb6880325d5679694c91c3940953fcc4897149a82388ab47e4cf3d704708f,holdout,195,65,0,reloaded_owl_full_no_mofn,trepan_reloaded,ablation,Reloaded OWL completa sem m-of-n,real,True,True,True,False,15.0,7.0,8.0,4.0,3.25,3.25,5.0,0.0,7.0,0.0,2234.0,6000.0,False,False,1.0,1.0,
,4.3036696480000955,0.10445835699943018,0.04552572500006136,0.5091743349998978,,0.8615384615384616,0.8603219696969697,0.8708576998050682,0.8603219696969697,0.8603485318691811,0.8605468534807279,0.78125,0.8461538461538461,MLP Original,MLPClassifier(original features),MLP Original,MLPClassifier(original features),9.0,sklearn-pipeline;seed=11,0.9538461538461539,,,enriched,synthetic_binary,seed11,11,0,0,1e5cb6880325d5679694c91c3940953fcc4897149a82388ab47e4cf3d704708f,holdout,195,65,0,reloaded_owl_full_no_active_queries,trepan_reloaded,ablation,Reloaded OWL completa sem active queries,real,True,True,True,False,13.0,6.0,7.0,3.0,2.857142857142857,2.857142857142857,6.0,6.0,6.0,2.0,2189.0,6000.0,False,False,1.0,3.0,
,4.588696711000011,0.4621529300002294,0.04552572500006136,0.5091743349998978,,0.8615384615384616,0.8603219696969697,0.8708576998050682,0.8603219696969697,0.8603485318691811,0.8605468534807279,0.78125,0.8461538461538461,MLP Original,MLPClassifier(original features),MLP Original,MLPClassifier(original features),9.0,sklearn-pipeline;seed=11,0.9538461538461539,,,enriched,synthetic_binary,seed11,11,0,0,1e5cb6880325d5679694c91c3940953fcc4897149a82388ab47e4cf3d704708f,holdout,195,65,0,reloaded_owl_full_no_error_focus,trepan_reloaded,ablation,Reloaded OWL completa sem refinamento focado no erro,real,True,True,True,False,15.0,7.0,8.0,4.0,3.125,3.125,7.0,5.0,7.0,0.0,2273.0,6000.0,False,False,1.0,3.0,
0.04453798300005474,,,0.0,0.0,,0.9692307692307692,0.9692234848484849,0.9692234848484849,0.9692234848484849,0.9692234848484849,0.9692307692307692,0.96875,,,,,,,,,adaptive_factory_default,0.0,original,synthetic_binary,seed22,22,0,0,70110dc24184d7ef532dd28a6c5bc5245fbe4db5250845a12c44367776d21290,holdout,195,65,0,mlp_original,mlp,main,MLP treinado no espaço original,none,True,False,,,,,,,,,,,,,,,,,,,
0.028618128999823966,,,0.04269644100008918,0.5939507139999023,,0.9538461538461539,0.9535984848484849,0.9544592030360531,0.9535984848484849,0.9538024164889836,0.9538242851675687,0.9375,,,,,,,,,adaptive_factory_default,0.0,enriched,synthetic_binary,seed22,22,0,0,70110dc24184d7ef532dd28a6c5bc5245fbe4db5250845a12c44367776d21290,holdout,195,65,0,mlp_ontological,mlp,main,MLP treinado no espaço enriquecido (OWL real),none,True,False,,,,,,,,,,,,,,,,,,,
,0.09800307999989855,,0.0,0.0,,0.8153846153846154,0.8158143939393939,0.8164136622390892,0.8158143939393939,0.8153409090909092,0.8152972027972029,0.84375,,,,,,,,,,,original,synthetic_binary,seed22,22,0,0,70110dc24184d7ef532dd28a6c5bc5245fbe4db5250845a12c44367776d21290,holdout,195,65,0,c45,c45,main,C4.5 supervisionado com rótulos reais,none,True,False,False,True,25.0,12.0,13.0,7.0,4.538461538461538,4.538461538461538,6.0,0.0,0.0,,,,,,,,
,0.3910838680001234,0.022528494999960458,0.0,0.0,,0.8,0.7997159090909092,0.8002846299810247,0.7997159090909092,0.7998104714522625,0.7999052357261313,0.78125,0.8307692307692308,MLP Original,MLPClassifier(original features),MLP Original,MLPClassifier(original features),9.0,sklearn-pipeline;seed=22,0.9692307692307692,,,original,synthetic_binary,seed22,22,0,0,70110dc24184d7ef532dd28a6c5bc5245fbe4db5250845a12c44367776d21290,holdout,195,65,0,trepan_original,trepan_original,main,TREPAN Original -> MLP Original,none,True,False,True,False,13.0,6.0,7.0,4.0,3.2857142857142856,3.2857142857142856,6.0,6.0,0.0,0.0,2232.0,6000.0,False,False,0.0,3.0,
,0.6201634110000214,0.0428655069999877,0.0,0.0,,0.8,0.7997159090909092,0.8002846299810247,0.7997159090909092,0.7998104714522625,0.7999052357261313,0.78125,0.8307692307692308,MLP Original,MLPClassifier(original features),MLP Original,MLPClassifier(original features),9.0,sklearn-pipeline;seed=22,0.9692307692307692,,,original,synthetic_binary,seed22,22,0,0,70110dc24184d7ef532dd28a6c5bc5245fbe4db5250845a12c44367776d21290,holdout,195,65,0,reloaded_lambda0,trepan_reloaded,main,"Reloaded sem semântica (λ=0), mesma infraestrutura -> MLP Original",none,True,False,True,False,13.0,6.0,7.0,4.0,3.2857142857142856,3.2857142857142856,6.0,6.0,0.0,0.0,2232.0,6000.0,False,False,0.0,3.0,True
,5.036276893000149,0.38089176899961785,0.04269644100008918,0.5939507139999023,,0.8461538461538461,0.8470643939393939,0.8510536398467433,0.8470643939393939,0.8458254269449715,0.8457159538753466,0.90625,0.8769230769230769,MLP Original,MLPClassifier(original features),MLP Original,MLPClassifier(original features),9.0,sklearn-pipeline;seed=22,0.9692307692307692,,,original,synthetic_binary,seed22,22,0,0,70110dc24184d7ef532dd28a6c5bc5245fbe4db5250845a12c44367776d21290,holdout,195,65,0,reloaded_semantic_score,trepan_reloaded,main,Reloaded + score semântico (features originais) -> MLP Original,real,True,False,True,False,15.0,7.0,8.0,4.0,3.125,3.125,6.0,6.0,7.0,2.0,2290.0,6000.0,False,False,1.0,3.0,
,1.4053960470000675,0.02978047900001002,0.04269644100008918,0.5939507139999023,,0.8,0.7997159090909092,0.8002846299810247,0.7997159090909092,0.7998104714522625,0.7999052357261313,0.78125,0.8307692307692308,MLP Original,MLPClassifier(original features),MLP Original,MLPClassifier(original features),9.0,sklearn-pipeline;seed=22,0.9692307692307692,,,enriched,synthetic_binary,seed22,22,0,0,70110dc24184d7ef532dd28a6c5bc5245fbe4db5250845a12c44367776d21290,holdout,195,65,0,reloaded_owl_features,trepan_reloaded,main,"Reloaded + features OWL, sem score semântico (λ=0) -> MLP Original",real,True,False,True,False,15.0,7.0,8.0,5.0,3.625,3.625,6.0,7.0,0.0,0.0,2237.0,6000.0,False,True,0.0,3.0,
,4.8493186499999865,0.48282451999966725,0.04269644100008918,0.5939507139999023,,0.9384615384615385,0.9384469696969697,0.9384469696969697,0.9384469696969697,0.9384469696969697,0.9384615384615385,0.9375,0.9384615384615385,MLP Original,MLPClassifier(original features),MLP Original,MLPClassifier(original features),9.0,sklearn-pipeline;seed=22,0.9692307692307692,,,enriched,synthetic_binary,seed22,22,0,0,70110dc24184d7ef532dd28a6c5bc5245fbe4db5250845a12c44367776d21290,holdout,195,65,0,reloaded_owl_full,trepan_reloaded,main,Reloaded + OWL real completa -> MLP Original (mesmo oráculo),real,True,False,True,False,15.0,7.0,8.0,6.0,3.875,3.875,8.0,6.0,7.0,3.0,2332.0,6000.0,False,False,1.0,3.0,
,5.516371031000062,0.58804413200005,0.037824331000138045,0.5389083289999235,,0.9384615384615385,0.9389204545454546,0.9397533206831119,0.9389204545454546,0.9384469696969697,0.938432400932401,0.96875,0.9692307692307692,MLP Original,MLPClassifier(original features),MLP Original,MLPClassifier(original features),9.0,sklearn-pipeline;seed=22,0.9692307692307692,,,enriched,synthetic_binary,seed22,22,0,0,70110dc24184d7ef532dd28a6c5bc5245fbe4db5250845a12c44367776d21290,holdout,195,65,0,reloaded_owl_shuffled,trepan_reloaded,main,CONTROLO NEGATIVO: Reloaded + OWL permutada -> MLP Original,shuffled,True,False,True,False,13.0,6.0,7.0,4.0,3.2857142857142856,3.2857142857142856,7.0,6.0,6.0,1.0,2227.0,6000.0,False,False,1.0,3.0,
,5.205328589999908,0.5361064950000127,0.04269644100008918,0.5939507139999023,,0.9384615384615385,0.9384469696969697,0.9384469696969697,0.9384469696969697,0.9384469696969697,0.9384615384615385,0.9375,0.9384615384615385,MLP Original,MLPClassifier(original features),MLP Original,MLPClassifier(original features),9.0,sklearn-pipeline;seed=22,0.9692307692307692,,,enriched,synthetic_binary,seed22,22,0,0,70110dc24184d7ef532dd28a6c5bc5245fbe4db5250845a12c44367776d21290,holdout,195,65,0,reloaded_e2e,trepan_reloaded,main,Pipeline completo: Reloaded + OWL real -> oráculo seleccionado pelo gate,real,True,False,True,False,15.0,7.0,8.0,6.0,3.875,3.875,8.0,6.0,7.0,3.0,2332.0,6000.0,False,False,1.0,3.0,
,0.31093776099987736,0.022051002000125663,0.0,0.0,,0.8,0.7997159090909092,0.8002846299810247,0.7997159090909092,0.7998104714522625,0.7999052357261313,0.78125,0.8307692307692308,MLP Original,MLPClassifier(original features),MLP Original,MLPClassifier(original features),9.0,sklearn-pipeline;seed=22,0.9692307692307692,,,original,synthetic_binary,seed22,22,0,0,70110dc24184d7ef532dd28a6c5bc5245fbe4db5250845a12c44367776d21290,holdout,195,65,0,trepan_original_no_mofn,trepan_original,ablation,TREPAN Original sem m-of-n (max_n=1),none,True,False,True,False,15.0,7.0,8.0,5.0,3.625,3.625,5.0,0.0,0.0,0.0,2255.0,6000.0,False,False,0.0,1.0,
,1.8868436100001418,0.5579001259998222,0.04269644100008918,0.5939507139999023,,0.7230769230769231,0.7234848484848485,0.7239089184060721,0.7234848484848485,0.7230113636363636,0.7229458041958042,0.75,0.7538461538461538,MLP Original,MLPClassifier(original features),MLP Original,MLPClassifier(original features),9.0,sklearn-pipeline;seed=22,0.9692307692307692,,,enriched,synthetic_binary,seed22,22,0,0,70110dc24184d7ef532dd28a6c5bc5245fbe4db5250845a12c44367776d21290,holdout,195,65,0,reloaded_owl_full_no_mofn,trepan_reloaded,ablation,Reloaded OWL completa sem m-of-n,real,True,False,True,False,11.0,5.0,6.0,5.0,3.3333333333333335,3.3333333333333335,3.0,0.0,5.0,0.0,2266.0,6000.0,False,False,1.0,1.0,
,4.323755578000146,0.14630227199972978,0.04269644100008918,0.5939507139999023,,0.9384615384615385,0.9384469696969697,0.9384469696969697,0.9384469696969697,0.9384469696969697,0.9384615384615385,0.9375,0.9076923076923077,MLP Original,MLPClassifier(original features),MLP Original,MLPClassifier(original features),9.0,sklearn-pipeline;seed=22,0.9692307692307692,,,enriched,synthetic_binary,seed22,22,0,0,70110dc24184d7ef532dd28a6c5bc5245fbe4db5250845a12c44367776d21290,holdout,195,65,0,reloaded_owl_full_no_active_queries,trepan_reloaded,ablation,Reloaded OWL completa sem active queries,real,True,False,True,False,15.0,7.0,8.0,5.0,3.375,3.375,8.0,7.0,7.0,3.0,2270.0,6000.0,False,False,1.0,3.0,
,5.023133069000096,0.5166694819999975,0.04269644100008918,0.5939507139999023,,0.9384615384615385,0.9389204545454546,0.9397533206831119,0.9389204545454546,0.9384469696969697,0.938432400932401,0.96875,0.9384615384615385,MLP Original,MLPClassifier(original features),MLP Original,MLPClassifier(original features),9.0,sklearn-pipeline;seed=22,0.9692307692307692,,,enriched,synthetic_binary,seed22,22,0,0,70110dc24184d7ef532dd28a6c5bc5245fbe4db5250845a12c44367776d21290,holdout,195,65,0,reloaded_owl_full_no_error_focus,trepan_reloaded,ablation,Reloaded OWL completa sem refinamento focado no erro,real,True,False,True,False,13.0,6.0,7.0,5.0,3.2857142857142856,3.2857142857142856,8.0,6.0,6.0,0.0,2276.0,6000.0,False,False,1.0,3.0,
0.034400675999904706,,,0.0,0.0,,0.9384615384615385,0.9384469696969697,0.9384469696969697,0.9384469696969697,0.9384469696969697,0.9384615384615385,0.9375,,,,,,,,,adaptive_factory_default,0.0,original,synthetic_binary,seed33,33,0,0,fc31ad97d487ef198eb60559e79b8e3d1fddc6a532f782f4b3f82c0ce54256a9,holdout,195,65,0,mlp_original,mlp,main,MLP treinado no espaço original,none,True,False,,,,,,,,,,,,,,,,,,,
0.03402469299999211,,,0.03649446200006423,0.5407949959999314,,0.9230769230769231,0.9228219696969697,0.9236242884250474,0.9228219696969697,0.9230040274816393,0.9230404752792812,0.90625,,,,,,,,,adaptive_factory_default,0.0,enriched,synthetic_binary,seed33,33,0,0,fc31ad97d487ef198eb60559e79b8e3d1fddc6a532f782f4b3f82c0ce54256a9,holdout,195,65,0,mlp_ontological,mlp,main,MLP treinado no espaço enriquecido (OWL real),none,True,False,,,,,,,,,,,,,,,,,,,
,0.11165271300001223,,0.0,0.0,,0.9076923076923077,0.9081439393939394,0.9089184060721063,0.9081439393939394,0.9076704545454546,0.9076486013986015,0.9375,,,,,,,,,,,original,synthetic_binary,seed33,33,0,0,fc31ad97d487ef198eb60559e79b8e3d1fddc6a532f782f4b3f82c0ce54256a9,holdout,195,65,0,c45,c45,main,C4.5 supervisionado com rótulos reais,none,True,False,False,True,25.0,12.0,13.0,10.0,5.538461538461538,5.538461538461538,6.0,0.0,0.0,,,,,,,,
,0.377314442999932,0.025044763000323655,0.0,0.0,,0.9076923076923077,0.9086174242424243,0.9133141762452108,0.9086174242424243,0.9074952561669829,0.907429572325208,0.96875,0.8461538461538461,MLP Original,MLPClassifier(original features),MLP Original,MLPClassifier(original features),9.0,sklearn-pipeline;seed=33,0.9384615384615385,,,original,synthetic_binary,seed33,33,0,0,fc31ad97d487ef198eb60559e79b8e3d1fddc6a532f782f4b3f82c0ce54256a9,holdout,195,65,0,trepan_original,trepan_original,main,TREPAN Original -> MLP Original,none,True,False,True,False,15.0,7.0,8.0,6.0,3.875,3.875,5.0,6.0,0.0,0.0,2256.0,6000.0,False,False,0.0,3.0,
,0.5477691090000008,0.04064047599968035,0.0,0.0,,0.9076923076923077,0.9086174242424243,0.9133141762452108,0.9086174242424243,0.9074952561669829,0.907429572325208,0.96875,0.8461538461538461,MLP Original,MLPClassifier(original features),MLP Original,MLPClassifier(original features),9.0,sklearn-pipeline;seed=33,0.9384615384615385,,,original,synthetic_binary,seed33,33,0,0,fc31ad97d487ef198eb60559e79b8e3d1fddc6a532f782f4b3f82c0ce54256a9,holdout,195,65,0,reloaded_lambda0,trepan_reloaded,main,"Reloaded sem semântica (λ=0), mesma infraestrutura -> MLP Original",none,True,False,True,False,15.0,7.0,8.0,6.0,3.875,3.875,5.0,6.0,0.0,0.0,2256.0,6000.0,False,False,0.0,3.0,True
,4.036488672000132,0.38405022399979316,0.03649446200006423,0.5407949959999314,,0.9076923076923077,0.9086174242424243,0.9133141762452108,0.9086174242424243,0.9074952561669829,0.907429572325208,0.96875,0.8769230769230769,MLP Original,MLPClassifier(original features),MLP Original,MLPClassifier(original features),9.0,sklearn-pipeline;seed=33,0.9384615384615385,,,original,synthetic_binary,seed33,33,0,0,fc31ad97d487ef198eb60559e79b8e3d1fddc6a532f782f4b3f82c0ce54256a9,holdout,195,65,0,reloaded_semantic_score,trepan_reloaded,main,Reloaded + score semântico (features originais) -> MLP Original,real,True,False,True,False,15.0,7.0,8.0,4.0,3.125,3.125,5.0,7.0,7.0,1.0,2226.0,6000.0,False,False,1.0,3.0,
,1.2831063349999567,0.026844297000025108,0.03649446200006423,0.5407949959999314,,0.8,0.8006628787878788,0.8023809523809524,0.8006628787878788,0.7998104714522625,0.7997157071783938,0.84375,0.7692307692307693,MLP Original,MLPClassifier(original features),MLP Original,MLPClassifier(original features),9.0,sklearn-pipeline;seed=33,0.9384615384615385,,,enriched,synthetic_binary,seed33,33,0,0,fc31ad97d487ef198eb60559e79b8e3d1fddc6a532f782f4b3f82c0ce54256a9,holdout,195,65,0,reloaded_owl_features,trepan_reloaded,main,"Reloaded + features OWL, sem score semântico (λ=0) -> MLP Original",real,True,False,True,False,11.0,5.0,6.0,4.0,3.0,3.0,4.0,4.0,0.0,0.0,2208.0,6000.0,False,True,0.0,3.0,
,5.177794115000097,0.5429436930005522,0.03649446200006423,0.5407949959999314,,0.9384615384615385,0.9384469696969697,0.9384469696969697,0.9384469696969697,0.9384469696969697,0.9384615384615385,0.9375,0.9076923076923077,MLP Original,MLPClassifier(original features),MLP Original,MLPClassifier(original features),9.0,sklearn-pipeline;seed=33,0.9384615384615385,,,enriched,synthetic_binary,seed33,33,0,0,fc31ad97d487ef198eb60559e79b8e3d1fddc6a532f782f4b3f82c0ce54256a9,holdout,195,65,0,reloaded_owl_full,trepan_reloaded,main,Reloaded + OWL real completa -> MLP Original (mesmo oráculo),real,True,False,True,False,15.0,7.0,8.0,4.0,3.25,3.25,8.0,7.0,7.0,3.0,2282.0,6000.0,False,False,1.0,3.0,
,4.822632819000091,0.4912471590005225,0.036641407999923103,0.5382054860001517,,0.9230769230769231,0.9237689393939394,0.9261904761904762,0.9237689393939394,0.9230040274816393,0.9229675796839976,0.96875,0.8923076923076924,MLP Original,MLPClassifier(original features),MLP Original,MLPClassifier(original features),9.0,sklearn-pipeline;seed=33,0.9384615384615385,,,enriched,synthetic_binary,seed33,33,0,0,fc31ad97d487ef198eb60559e79b8e3d1fddc6a532f782f4b3f82c0ce54256a9,holdout,195,65,0,reloaded_owl_shuffled,trepan_reloaded,main,CONTROLO NEGATIVO: Reloaded + OWL permutada -> MLP Original,shuffled,True,False,True,False,11.0,5.0,6.0,4.0,2.8333333333333335,2.8333333333333335,6.0,3.0,5.0,1.0,2213.0,6000.0,False,False,1.0,3.0,
,5.18925950799985,0.5240664210000432,0.03649446200006423,0.5407949959999314,,0.9384615384615385,0.9384469696969697,0.9384469696969697,0.9384469696969697,0.9384469696969697,0.9384615384615385,0.9375,0.9076923076923077,MLP Original,MLPClassifier(original features),MLP Original,MLPClassifier(original features),9.0,sklearn-pipeline;seed=33,0.9384615384615385,,,enriched,synthetic_binary,seed33,33,0,0,fc31ad97d487ef198eb60559e79b8e3d1fddc6a532f782f4b3f82c0ce54256a9,holdout,195,65,0,reloaded_e2e,trepan_reloaded,main,Pipeline completo: Reloaded + OWL real -> oráculo seleccionado pelo gate,real,True,False,True,False,15.0,7.0,8.0,4.0,3.25,3.25,8.0,7.0,7.0,3.0,2282.0,6000.0,False,False,1.0,3.0,
,0.30368503999989116,0.021831560000237005,0.0,0.0,,0.8153846153846154,0.8162878787878788,0.8199233716475096,0.8162878787878788,0.8149905123339658,0.814859144650416,0.875,0.7846153846153846,MLP Original,MLPClassifier(original features),MLP Original,MLPClassifier(original features),9.0,sklearn-pipeline;seed=33,0.9384615384615385,,,original,synthetic_binary,seed33,33,0,0,fc31ad97d487ef198eb60559e79b8e3d1fddc6a532f782f4b3f82c0ce54256a9,holdout,195,65,0,trepan_original_no_mofn,trepan_original,ablation,TREPAN Original sem m-of-n (max_n=1),none,True,False,True,False,9.0,4.0,5.0,3.0,2.4,2.4,3.0,0.0,0.0,0.0,2237.0,6000.0,False,False,0.0,1.0,
,2.02578349800001,0.6668175460001748,0.03649446200006423,0.5407949959999314,,0.8307692307692308,0.8309659090909092,0.8309659090909092,0.8309659090909092,0.8307692307692308,0.8307692307692308,0.84375,0.7692307692307693,MLP Original,MLPClassifier(original features),MLP Original,MLPClassifier(original features),9.0,sklearn-pipeline;seed=33,0.9384615384615385,,,enriched,synthetic_binary,seed33,33,0,0,fc31ad97d487ef198eb60559e79b8e3d1fddc6a532f782f4b3f82c0ce54256a9,holdout,195,65,0,reloaded_owl_full_no_mofn,trepan_reloaded,ablation,Reloaded OWL completa sem m-of-n,real,True,False,True,False,7.0,3.0,4.0,3.0,2.25,2.25,3.0,0.0,3.0,0.0,2204.0,6000.0,False,False,1.0,1.0,
,4.603194234000057,0.1046429870002612,0.03649446200006423,0.5407949959999314,,0.8461538461538461,0.8451704545454546,0.8518339768339769,0.8451704545454546,0.8452380952380952,0.8454212454212454,0.78125,0.8461538461538461,MLP Original,MLPClassifier(original features),MLP Original,MLPClassifier(original features),9.0,sklearn-pipeline;seed=33,0.9384615384615385,,,enriched,synthetic_binary,seed33,33,0,0,fc31ad97d487ef198eb60559e79b8e3d1fddc6a532f782f4b3f82c0ce54256a9,holdout,195,65,0,reloaded_owl_full_no_active_queries,trepan_reloaded,ablation,Reloaded OWL completa sem active queries,real,True,False,True,False,11.0,5.0,6.0,5.0,3.3333333333333335,3.3333333333333335,7.0,5.0,5.0,3.0,2302.0,6000.0,False,False,1.0,3.0,
,4.811689220000062,0.5675455420002891,0.03649446200006423,0.5407949959999314,,0.9384615384615385,0.9389204545454546,0.9397533206831119,0.9389204545454546,0.9384469696969697,0.938432400932401,0.96875,0.8769230769230769,MLP Original,MLPClassifier(original features),MLP Original,MLPClassifier(original features),9.0,sklearn-pipeline;seed=33,0.9384615384615385,,,enriched,synthetic_binary,seed33,33,0,0,fc31ad97d487ef198eb60559e79b8e3d1fddc6a532f782f4b3f82c0ce54256a9,holdout,195,65,0,reloaded_owl_full_no_error_focus,trepan_reloaded,ablation,Reloaded OWL completa sem refinamento focado no erro,real,True,False,True,False,15.0,7.0,8.0,4.0,3.25,3.25,7.0,6.0,7.0,0.0,2249.0,6000.0,False,False,1.0,3.0,
0.02548063800009004,,,0.0,0.0,,0.9538461538461539,0.9535984848484849,0.9544592030360531,0.9535984848484849,0.9538024164889836,0.9538242851675687,0.9375,,,,,,,,,adaptive_factory_default,0.0,original,synthetic_binary,seed44,44,0,0,3ec1dfff8101868be5cd7fe1a4558bfa73548d7d2f0ff97c502665ba5e1198e4,holdout,195,65,0,mlp_original,mlp,main,MLP treinado no espaço original,none,True,True,,,,,,,,,,,,,,,,,,,
0.029211621000058585,,,0.05017357399992761,0.5271913470000982,,0.9230769230769231,0.9228219696969697,0.9236242884250474,0.9228219696969697,0.9230040274816393,0.9230404752792812,0.90625,,,,,,,,,adaptive_factory_default,0.0,enriched,synthetic_binary,seed44,44,0,0,3ec1dfff8101868be5cd7fe1a4558bfa73548d7d2f0ff97c502665ba5e1198e4,holdout,195,65,0,mlp_ontological,mlp,main,MLP treinado no espaço enriquecido (OWL real),none,True,True,,,,,,,,,,,,,,,,,,,
,0.13155021200009287,,0.0,0.0,,0.8923076923076924,0.8925189393939394,0.8925189393939394,0.8925189393939394,0.8923076923076924,0.8923076923076924,0.90625,,,,,,,,,,,original,synthetic_binary,seed44,44,0,0,3ec1dfff8101868be5cd7fe1a4558bfa73548d7d2f0ff97c502665ba5e1198e4,holdout,195,65,0,c45,c45,main,C4.5 supervisionado com rótulos reais,none,True,True,False,True,27.0,13.0,14.0,7.0,4.428571428571429,4.428571428571429,6.0,0.0,0.0,,,,,,,,
,0.4286038310001459,0.022185908999972526,0.0,0.0,,0.9230769230769231,0.9242424242424243,0.9324324324324325,0.9242424242424243,0.922784509384652,0.9227114059615841,1.0,0.9076923076923077,MLP Original,MLPClassifier(original features),MLP Original,MLPClassifier(original features),9.0,sklearn-pipeline;seed=44,0.9538461538461539,,,original,synthetic_binary,seed44,44,0,0,3ec1dfff8101868be5cd7fe1a4558bfa73548d7d2f0ff97c502665ba5e1198e4,holdout,195,65,0,trepan_original,trepan_original,main,TREPAN Original -> MLP Original,none,True,True,True,False,13.0,6.0,7.0,6.0,3.857142857142857,3.857142857142857,6.0,6.0,0.0,0.0,2221.0,6000.0,False,False,0.0,3.0,
,0.6029269699999986,0.03815926199990827,0.0,0.0,,0.9230769230769231,0.9242424242424243,0.9324324324324325,0.9242424242424243,0.922784509384652,0.9227114059615841,1.0,0.9076923076923077,MLP Original,MLPClassifier(original features),MLP Original,MLPClassifier(original features),9.0,sklearn-pipeline;seed=44,0.9538461538461539,,,original,synthetic_binary,seed44,44,0,0,3ec1dfff8101868be5cd7fe1a4558bfa73548d7d2f0ff97c502665ba5e1198e4,holdout,195,65,0,reloaded_lambda0,trepan_reloaded,main,"Reloaded sem semântica (λ=0), mesma infraestrutura -> MLP Original",none,True,True,True,False,13.0,6.0,7.0,6.0,3.857142857142857,3.857142857142857,6.0,6.0,0.0,0.0,2221.0,6000.0,False,False,0.0,3.0,True
,3.8420770430000175,0.29560962699997617,0.05017357399992761,0.5271913470000982,,0.8615384615384616,0.8617424242424243,0.8617424242424243,0.8617424242424243,0.8615384615384616,0.8615384615384616,0.875,0.8769230769230769,MLP Original,MLPClassifier(original features),MLP Original,MLPClassifier(original features),9.0,sklearn-pipeline;seed=44,0.9538461538461539,,,original,synthetic_binary,seed44,44,0,0,3ec1dfff8101868be5cd7fe1a4558bfa73548d7d2f0ff97c502665ba5e1198e4,holdout,195,65,0,reloaded_semantic_score,trepan_reloaded,main,Reloaded + score semântico (features originais) -> MLP Original,real,True,True,True,False,15.0,7.0,8.0,5.0,3.375,3.375,6.0,7.0,7.0,1.0,2341.0,6000.0,False,False,1.0,3.0,
,1.4048660070000096,0.02701094199983345,0.05017357399992761,0.5271913470000982,,0.9076923076923077,0.9071969696969697,0.9095238095238095,0.9071969696969697,0.9074952561669829,0.9075609400087578,0.875,0.8615384615384616,MLP Original,MLPClassifier(original features),MLP Original,MLPClassifier(original features),9.0,sklearn-pipeline;seed=44,0.9538461538461539,,,enriched,synthetic_binary,seed44,44,0,0,3ec1dfff8101868be5cd7fe1a4558bfa73548d7d2f0ff97c502665ba5e1198e4,holdout,195,65,0,reloaded_owl_features,trepan_reloaded,main,"Reloaded + features OWL, sem score semântico (λ=0) -> MLP Original",real,True,True,True,False,11.0,5.0,6.0,5.0,3.3333333333333335,3.3333333333333335,6.0,5.0,0.0,0.0,2235.0,6000.0,False,True,0.0,3.0,
,4.910535687999982,0.5518760429997656,0.05017357399992761,0.5271913470000982,,0.8923076923076924,0.8920454545454546,0.8927893738140418,0.8920454545454546,0.8922056384742951,0.8922566653909937,0.875,0.8769230769230769,MLP Original,MLPClassifier(original features),MLP Original,MLPClassifier(original features),9.0,sklearn-pipeline;seed=44,0.9538461538461539,,,enriched,synthetic_binary,seed44,44,0,0,3ec1dfff8101868be5cd7fe1a4558bfa73548d7d2f0ff97c502665ba5e1198e4,holdout,195,65,0,reloaded_owl_full,trepan_reloaded,main,Reloaded + OWL real completa -> MLP Original (mesmo oráculo),real,True,True,True,False,13.0,6.0,7.0,4.0,3.0,3.0,7.0,6.0,6.0,2.0,2201.0,6000.0,False,False,1.0,3.0,
,4.903265386000157,0.5839440649999688,0.03699711800004479,0.5000629480000498,,0.9230769230769231,0.9228219696969697,0.9236242884250474,0.9228219696969697,0.9230040274816393,0.9230404752792812,0.90625,0.9692307692307692,MLP Original,MLPClassifier(original features),MLP Original,MLPClassifier(original features),9.0,sklearn-pipeline;seed=44,0.9538461538461539,,,enriched,synthetic_binary,seed44,44,0,0,3ec1dfff8101868be5cd7fe1a4558bfa73548d7d2f0ff97c502665ba5e1198e4,holdout,195,65,0,reloaded_owl_shuffled,trepan_reloaded,main,CONTROLO NEGATIVO: Reloaded + OWL permutada -> MLP Original,shuffled,True,True,True,False,13.0,6.0,7.0,4.0,3.0,3.0,7.0,6.0,6.0,3.0,2256.0,6000.0,False,False,1.0,3.0,
,5.1539484729999,0.5139780700001211,0.05017357399992761,0.5271913470000982,,0.9076923076923077,0.9076704545454546,0.9076704545454546,0.9076704545454546,0.9076704545454546,0.9076923076923077,0.90625,0.9846153846153847,MLP Ontológico,MLPClassifier(enriched features),MLP Ontológico,MLPClassifier(enriched features),12.0,sklearn-pipeline;seed=44,0.9230769230769231,,,enriched,synthetic_binary,seed44,44,0,0,3ec1dfff8101868be5cd7fe1a4558bfa73548d7d2f0ff97c502665ba5e1198e4,holdout,195,65,0,reloaded_e2e,trepan_reloaded,main,Pipeline completo: Reloaded + OWL real -> oráculo seleccionado pelo gate,real,True,True,True,False,13.0,6.0,7.0,3.0,2.857142857142857,2.857142857142857,6.0,5.0,6.0,2.0,2215.0,6000.0,False,False,1.0,3.0,
,0.30730954399996335,0.02259074600033273,0.0,0.0,,0.9230769230769231,0.9223484848484849,0.9272030651340997,0.9223484848484849,0.922784509384652,0.9228576128077197,0.875,0.9076923076923077,MLP Original,MLPClassifier(original features),MLP Original,MLPClassifier(original features),9.0,sklearn-pipeline;seed=44,0.9538461538461539,,,original,synthetic_binary,seed44,44,0,0,3ec1dfff8101868be5cd7fe1a4558bfa73548d7d2f0ff97c502665ba5e1198e4,holdout,195,65,0,trepan_original_no_mofn,trepan_original,ablation,TREPAN Original sem m-of-n (max_n=1),none,True,True,True,False,13.0,6.0,7.0,4.0,3.142857142857143,3.142857142857143,5.0,0.0,0.0,0.0,2257.0,6000.0,False,False,0.0,1.0,
,1.760982858000034,0.5432595409997703,0.05017357399992761,0.5271913470000982,,0.8307692307692308,0.8314393939393939,0.8333333333333334,0.8314393939393939,0.8306088604596067,0.8305286753047946,0.875,0.8461538461538461,MLP Original,MLPClassifier(original features),MLP Original,MLPClassifier(original features),9.0,sklearn-pipeline;seed=44,0.9538461538461539,,,enriched,synthetic_binary,seed44,44,0,0,3ec1dfff8101868be5cd7fe1a4558bfa73548d7d2f0ff97c502665ba5e1198e4,holdout,195,65,0,reloaded_owl_full_no_mofn,trepan_reloaded,ablation,Reloaded OWL completa sem m-of-n,real,True,True,True,False,13.0,6.0,7.0,4.0,3.0,3.0,3.0,0.0,6.0,0.0,2281.0,6000.0,False,False,1.0,1.0,
,4.708005666999952,0.09889828600012152,0.05017357399992761,0.5271913470000982,,0.9076923076923077,0.9081439393939394,0.9089184060721063,0.9081439393939394,0.9076704545454546,0.9076486013986015,0.9375,0.8923076923076924,MLP Original,MLPClassifier(original features),MLP Original,MLPClassifier(original features),9.0,sklearn-pipeline;seed=44,0.9538461538461539,,,enriched,synthetic_binary,seed44,44,0,0,3ec1dfff8101868be5cd7fe1a4558bfa73548d7d2f0ff97c502665ba5e1198e4,holdout,195,65,0,reloaded_owl_full_no_active_queries,trepan_reloaded,ablation,Reloaded OWL completa sem active queries,real,True,True,True,False,11.0,5.0,6.0,3.0,2.6666666666666665,2.6666666666666665,7.0,5.0,5.0,1.0,2267.0,6000.0,False,False,1.0,3.0,
,4.727653708999924,0.5139095449999331,0.05017357399992761,0.5271913470000982,,0.8923076923076924,0.8920454545454546,0.8927893738140418,0.8920454545454546,0.8922056384742951,0.8922566653909937,0.875,0.9076923076923077,MLP Original,MLPClassifier(original features),MLP Original,MLPClassifier(original features),9.0,sklearn-pipeline;seed=44,0.9538461538461539,,,enriched,synthetic_binary,seed44,44,0,0,3ec1dfff8101868be5cd7fe1a4558bfa73548d7d2f0ff97c502665ba5e1198e4,holdout,195,65,0,reloaded_owl_full_no_error_focus,trepan_reloaded,ablation,Reloaded OWL completa sem refinamento focado no erro,real,True,True,True,False,13.0,6.0,7.0,5.0,3.4285714285714284,3.4285714285714284,7.0,5.0,6.0,0.0,2253.0,6000.0,False,False,1.0,3.0,
0.036537623000185704,,,0.0,0.0,,0.9692307692307692,0.9692234848484849,0.9692234848484849,0.9692234848484849,0.9692234848484849,0.9692307692307692,0.96875,,,,,,,,,adaptive_factory_default,0.0,original,synthetic_binary,seed55,55,0,0,f7ae909cdb43ba32ce90b52b0e4f0f2b6b5687364ca1db885f5d8b7203d68c81,holdout,195,65,0,mlp_original,mlp,main,MLP treinado no espaço original,none,True,True,,,,,,,,,,,,,,,,,,,
0.053735364999965896,,,0.038775385999997525,0.512228149000066,,0.9692307692307692,0.9692234848484849,0.9692234848484849,0.9692234848484849,0.9692234848484849,0.9692307692307692,0.96875,,,,,,,,,adaptive_factory_default,0.0,enriched,synthetic_binary,seed55,55,0,0,f7ae909cdb43ba32ce90b52b0e4f0f2b6b5687364ca1db885f5d8b7203d68c81,holdout,195,65,0,mlp_ontological,mlp,main,MLP treinado no espaço enriquecido (OWL real),none,True,True,,,,,,,,,,,,,,,,,,,
,0.12020932200016432,,0.0,0.0,,0.8307692307692308,0.8314393939393939,0.8333333333333334,0.8314393939393939,0.8306088604596067,0.8305286753047946,0.875,,,,,,,,,,,original,synthetic_binary,seed55,55,0,0,f7ae909cdb43ba32ce90b52b0e4f0f2b6b5687364ca1db885f5d8b7203d68c81,holdout,195,65,0,c45,c45,main,C4.5 supervisionado com rótulos reais,none,True,True,False,True,25.0,12.0,13.0,7.0,4.6923076923076925,4.6923076923076925,7.0,0.0,0.0,,,,,,,,
,0.43081582900003923,0.025579348000064783,0.0,0.0,,0.8923076923076924,0.8925189393939394,0.8925189393939394,0.8925189393939394,0.8923076923076924,0.8923076923076924,0.90625,0.8615384615384616,MLP Original,MLPClassifier(original features),MLP Original,MLPClassifier(original features),9.0,sklearn-pipeline;seed=55,0.9692307692307692,,,original,synthetic_binary,seed55,55,0,0,f7ae909cdb43ba32ce90b52b0e4f0f2b6b5687364ca1db885f5d8b7203d68c81,holdout,195,65,0,trepan_original,trepan_original,main,TREPAN Original -> MLP Original,none,True,True,True,False,15.0,7.0,8.0,5.0,3.375,3.375,5.0,6.0,0.0,0.0,2317.0,6000.0,False,False,0.0,3.0,
,0.6425616120000086,0.041855811000004906,0.0,0.0,,0.8923076923076924,0.8925189393939394,0.8925189393939394,0.8925189393939394,0.8923076923076924,0.8923076923076924,0.90625,0.8615384615384616,MLP Original,MLPClassifier(original features),MLP Original,MLPClassifier(original features),9.0,sklearn-pipeline;seed=55,0.9692307692307692,,,original,synthetic_binary,seed55,55,0,0,f7ae909cdb43ba32ce90b52b0e4f0f2b6b5687364ca1db885f5d8b7203d68c81,holdout,195,65,0,reloaded_lambda0,trepan_reloaded,main,"Reloaded sem semântica (λ=0), mesma infraestrutura -> MLP Original",none,True,True,True,False,15.0,7.0,8.0,5.0,3.375,3.375,5.0,6.0,0.0,0.0,2317.0,6000.0,False,False,0.0,3.0,True
,4.49811889700004,0.39356525199991665,0.038775385999997525,0.512228149000066,,0.9384615384615385,0.9379734848484849,0.9404761904761905,0.9379734848484849,0.9383301707779885,0.9383739600058385,0.90625,0.9384615384615385,MLP Original,MLPClassifier(original features),MLP Original,MLPClassifier(original features),9.0,sklearn-pipeline;seed=55,0.9692307692307692,,,original,synthetic_binary,seed55,55,0,0,f7ae909cdb43ba32ce90b52b0e4f0f2b6b5687364ca1db885f5d8b7203d68c81,holdout,195,65,0,reloaded_semantic_score,trepan_reloaded,main,Reloaded + score semântico (features originais) -> MLP Original,real,True,True,True,False,13.0,6.0,7.0,5.0,3.5714285714285716,3.5714285714285716,7.0,5.0,6.0,2.0,2264.0,6000.0,False,False,1.0,3.0,
,1.5594152559999657,0.03367175799985489,0.038775385999997525,0.512228149000066,,0.9384615384615385,0.9384469696969697,0.9384469696969697,0.9384469696969697,0.9384469696969697,0.9384615384615385,0.9375,0.9076923076923077,MLP Original,MLPClassifier(original features),MLP Original,MLPClassifier(original features),9.0,sklearn-pipeline;seed=55,0.9692307692307692,,,enriched,synthetic_binary,seed55,55,0,0,f7ae909cdb43ba32ce90b52b0e4f0f2b6b5687364ca1db885f5d8b7203d68c81,holdout,195,65,0,reloaded_owl_features,trepan_reloaded,main,"Reloaded + features OWL, sem score semântico (λ=0) -> MLP Original",real,True,True,True,False,15.0,7.0,8.0,5.0,3.375,3.375,5.0,6.0,0.0,0.0,2317.0,6000.0,False,True,0.0,3.0,
,5.19839499700015,0.5488192919999619,0.038775385999997525,0.512228149000066,,0.9384615384615385,0.9375,0.9459459459459459,0.9375,0.9380952380952381,0.9381684981684981,0.875,0.9076923076923077,MLP Original,MLPClassifier(original features),MLP Original,MLPClassifier(original features),9.0,sklearn-pipeline;seed=55,0.9692307692307692,,,enriched,synthetic_binary,seed55,55,0,0,f7ae909cdb43ba32ce90b52b0e4f0f2b6b5687364ca1db885f5d8b7203d68c81,holdout,195,65,0,reloaded_owl_full,trepan_reloaded,main,Reloaded + OWL real completa -> MLP Original (mesmo oráculo),real,True,True,True,False,15.0,7.0,8.0,4.0,3.125,3.125,7.0,7.0,7.0,1.0,2270.0,6000.0,False,False,1.0,3.0,
,5.032174942000211,0.46865864600044915,0.0490804560001834,0.5312610719997792,,0.9384615384615385,0.9379734848484849,0.9404761904761905,0.9379734848484849,0.9383301707779885,0.9383739600058385,0.90625,0.9076923076923077,MLP Original,MLPClassifier(original features),MLP Original,MLPClassifier(original features),9.0,sklearn-pipeline;seed=55,0.9692307692307692,,,enriched,synthetic_binary,seed55,55,0,0,f7ae909cdb43ba32ce90b52b0e4f0f2b6b5687364ca1db885f5d8b7203d68c81,holdout,195,65,0,reloaded_owl_shuffled,trepan_reloaded,main,CONTROLO NEGATIVO: Reloaded + OWL permutada -> MLP Original,shuffled,True,True,True,False,13.0,6.0,7.0,5.0,3.2857142857142856,3.2857142857142856,6.0,6.0,6.0,3.0,2211.0,6000.0,False,False,1.0,3.0,
,4.863290429000017,0.6694173549997231,0.038775385999997525,0.512228149000066,,0.9538461538461539,0.9545454545454546,0.9571428571428571,0.9545454545454546,0.9538024164889836,0.9537805478103986,1.0,0.9230769230769231,MLP Ontológico,MLPClassifier(enriched features),MLP Ontológico,MLPClassifier(enriched features),12.0,sklearn-pipeline;seed=55,0.9692307692307692,,,enriched,synthetic_binary,seed55,55,0,0,f7ae909cdb43ba32ce90b52b0e4f0f2b6b5687364ca1db885f5d8b7203d68c81,holdout,195,65,0,reloaded_e2e,trepan_reloaded,main,Pipeline completo: Reloaded + OWL real -> oráculo seleccionado pelo gate,real,True,True,True,False,15.0,7.0,8.0,5.0,3.5,3.5,7.0,6.0,7.0,2.0,2329.0,6000.0,False,False,1.0,3.0,
,0.31295254599990585,0.022791774000097575,0.0,0.0,,0.8153846153846154,0.8148674242424243,0.8166666666666667,0.8148674242424243,0.8149905123339658,0.8151218800175157,0.78125,0.8153846153846154,MLP Original,MLPClassifier(original features),MLP Original,MLPClassifier(original features),9.0,sklearn-pipeline;seed=55,0.9692307692307692,,,original,synthetic_binary,seed55,55,0,0,f7ae909cdb43ba32ce90b52b0e4f0f2b6b5687364ca1db885f5d8b7203d68c81,holdout,195,65,0,trepan_original_no_mofn,trepan_original,ablation,TREPAN Original sem m-of-n (max_n=1),none,True,True,True,False,15.0,7.0,8.0,6.0,3.875,3.875,4.0,0.0,0.0,0.0,2189.0,6000.0,False,False,0.0,1.0,
,1.9952623729998322,0.6135074750000058,0.038775385999997525,0.512228149000066,,0.8769230769230769,0.8759469696969697,0.8832046332046333,0.8759469696969697,0.8761904761904762,0.8763369963369964,0.8125,0.8769230769230769,MLP Original,MLPClassifier(original features),MLP Original,MLPClassifier(original features),9.0,sklearn-pipeline;seed=55,0.9692307692307692,,,enriched,synthetic_binary,seed55,55,0,0,f7ae909cdb43ba32ce90b52b0e4f0f2b6b5687364ca1db885f5d8b7203d68c81,holdout,195,65,0,reloaded_owl_full_no_mofn,trepan_reloaded,ablation,Reloaded OWL completa sem m-of-n,real,True,True,True,False,15.0,7.0,8.0,5.0,3.5,3.5,5.0,0.0,7.0,1.0,2262.0,6000.0,False,False,1.0,1.0,
,4.94990724000013,0.13926468000022396,0.038775385999997525,0.512228149000066,,0.9384615384615385,0.9389204545454546,0.9397533206831119,0.9389204545454546,0.9384469696969697,0.938432400932401,0.96875,0.9076923076923077,MLP Original,MLPClassifier(original features),MLP Original,MLPClassifier(original features),9.0,sklearn-pipeline;seed=55,0.9692307692307692,,,enriched,synthetic_binary,seed55,55,0,0,f7ae909cdb43ba32ce90b52b0e4f0f2b6b5687364ca1db885f5d8b7203d68c81,holdout,195,65,0,reloaded_owl_full_no_active_queries,trepan_reloaded,ablation,Reloaded OWL completa sem active queries,real,True,True,True,False,15.0,7.0,8.0,5.0,3.375,3.375,9.0,7.0,7.0,2.0,2295.0,6000.0,False,False,1.0,3.0,
,4.88228859700007,0.5661317460001101,0.038775385999997525,0.512228149000066,,0.8615384615384616,0.8607954545454546,0.8649425287356323,0.8607954545454546,0.8610121168923734,0.8611437030538954,0.8125,0.8307692307692308,MLP Original,MLPClassifier(original features),MLP Original,MLPClassifier(original features),9.0,sklearn-pipeline;seed=55,0.9692307692307692,,,enriched,synthetic_binary,seed55,55,0,0,f7ae909cdb43ba32ce90b52b0e4f0f2b6b5687364ca1db885f5d8b7203d68c81,holdout,195,65,0,reloaded_owl_full_no_error_focus,trepan_reloaded,ablation,Reloaded OWL completa sem refinamento focado no erro,real,True,True,True,False,11.0,5.0,6.0,4.0,2.8333333333333335,2.8333333333333335,6.0,4.0,5.0,0.0,2195.0,6000.0,False,False,1.0,3.0,
0.032156620000023395,,,0.0,0.0,,0.9846153846153847,0.9848484848484849,0.9848484848484849,0.9848484848484849,0.9846153846153847,0.9846153846153847,1.0,,,,,,,,,adaptive_factory_default,0.0,original,synthetic_binary,seed66,66,0,0,968b8823e361d3b1529f701a5a490e7f1287d5ae4ef75fba24f62eb92dbd92b4,holdout,195,65,0,mlp_original,mlp,main,MLP treinado no espaço original,none,True,False,,,,,,,,,,,,,,,,,,,
0.030090849999851343,,,0.05580502000020715,0.535296272999858,,0.9538461538461539,0.9540719696969697,0.9540719696969697,0.9540719696969697,0.9538461538461539,0.9538461538461539,0.96875,,,,,,,,,adaptive_factory_default,0.0,enriched,synthetic_binary,seed66,66,0,0,968b8823e361d3b1529f701a5a490e7f1287d5ae4ef75fba24f62eb92dbd92b4,holdout,195,65,0,mlp_ontological,mlp,main,MLP treinado no espaço enriquecido (OWL real),none,True,False,,,,,,,,,,,,,,,,,,,
,0.12757011300004706,,0.0,0.0,,0.8615384615384616,0.8607954545454546,0.8649425287356323,0.8607954545454546,0.8610121168923734,0.8611437030538954,0.8125,,,,,,,,,,,original,synthetic_binary,seed66,66,0,0,968b8823e361d3b1529f701a5a490e7f1287d5ae4ef75fba24f62eb92dbd92b4,holdout,195,65,0,c45,c45,main,C4.5 supervisionado com rótulos reais,none,True,False,False,True,29.0,14.0,15.0,9.0,5.666666666666667,5.666666666666667,7.0,0.0,0.0,,,,,,,,
,0.44358052500001577,0.021571016000052623,0.0,0.0,,0.8769230769230769,0.8764204545454546,0.8785714285714286,0.8764204545454546,0.8766603415559773,0.8767479200116771,0.84375,0.8615384615384616,MLP Original,MLPClassifier(original features),MLP Original,MLPClassifier(original features),9.0,sklearn-pipeline;seed=66,0.9846153846153847,,,original,synthetic_binary,seed66,66,0,0,968b8823e361d3b1529f701a5a490e7f1287d5ae4ef75fba24f62eb92dbd92b4,holdout,195,65,0,trepan_original,trepan_original,main,TREPAN Original -> MLP Original,none,True,False,True,False,15.0,7.0,8.0,4.0,3.25,3.25,5.0,6.0,0.0,0.0,2247.0,6000.0,False,False,0.0,3.0,
,0.6203362759999891,0.03782120099981512,0.0,0.0,,0.8769230769230769,0.8764204545454546,0.8785714285714286,0.8764204545454546,0.8766603415559773,0.8767479200116771,0.84375,0.8615384615384616,MLP Original,MLPClassifier(original features),MLP Original,MLPClassifier(original features),9.0,sklearn-pipeline;seed=66,0.9846153846153847,,,original,synthetic_binary,seed66,66,0,0,968b8823e361d3b1529f701a5a490e7f1287d5ae4ef75fba24f62eb92dbd92b4,holdout,195,65,0,reloaded_lambda0,trepan_reloaded,main,"Reloaded sem semântica (λ=0), mesma infraestrutura -> MLP Original",none,True,False,True,False,15.0,7.0,8.0,4.0,3.25,3.25,5.0,6.0,0.0,0.0,2247.0,6000.0,False,False,0.0,3.0,True
,4.341072783999834,0.34660106299998006,0.05580502000020715,0.535296272999858,,0.9230769230769231,0.9232954545454546,0.9232954545454546,0.9232954545454546,0.9230769230769231,0.9230769230769231,0.9375,0.9076923076923077,MLP Original,MLPClassifier(original features),MLP Original,MLPClassifier(original features),9.0,sklearn-pipeline;seed=66,0.9846153846153847,,,original,synthetic_binary,seed66,66,0,0,968b8823e361d3b1529f701a5a490e7f1287d5ae4ef75fba24f62eb92dbd92b4,holdout,195,65,0,reloaded_semantic_score,trepan_reloaded,main,Reloaded + score semântico (features originais) -> MLP Original,real,True,False,True,False,11.0,5.0,6.0,5.0,3.3333333333333335,3.3333333333333335,6.0,5.0,5.0,3.0,2298.0,6000.0,False,False,1.0,3.0,
,1.615790392000008,0.038297550999914165,0.05580502000020715,0.535296272999858,,0.8615384615384616,0.8612689393939394,0.861954459203036,0.8612689393939394,0.8614072494669509,0.8614728555027062,0.84375,0.8461538461538461,MLP Original,MLPClassifier(original features),MLP Original,MLPClassifier(original features),9.0,sklearn-pipeline;seed=66,0.9846153846153847,,,enriched,synthetic_binary,seed66,66,0,0,968b8823e361d3b1529f701a5a490e7f1287d5ae4ef75fba24f62eb92dbd92b4,holdout,195,65,0,reloaded_owl_features,trepan_reloaded,main,"Reloaded + features OWL, sem score semântico (λ=0) -> MLP Original",real,True,False,True,False,15.0,7.0,8.0,4.0,3.125,3.125,5.0,6.0,0.0,0.0,2255.0,6000.0,False,True,0.0,3.0,
,5.257607363000034,0.5592606779998732,0.05580502000020715,0.535296272999858,,0.8923076923076924,0.8929924242424243,0.8952380952380952,0.8929924242424243,0.8922056384742951,0.8921546115575967,0.9375,0.9076923076923077,MLP Original,MLPClassifier(original features),MLP Original,MLPClassifier(original features),9.0,sklearn-pipeline;seed=66,0.9846153846153847,,,enriched,synthetic_binary,seed66,66,0,0,968b8823e361d3b1529f701a5a490e7f1287d5ae4ef75fba24f62eb92dbd92b4,holdout,195,65,0,reloaded_owl_full,trepan_reloaded,main,Reloaded + OWL real completa -> MLP Original (mesmo oráculo),real,True,False,True,False,13.0,6.0,7.0,4.0,3.0,3.0,6.0,6.0,6.0,3.0,2213.0,6000.0,False,False,1.0,3.0,
,5.265237571999933,0.5824654150001152,0.0375716559999546,0.5184330059998956,,0.9692307692307692,0.9692234848484849,0.9692234848484849,0.9692234848484849,0.9692234848484849,0.9692307692307692,0.96875,0.9538461538461539,MLP Original,MLPClassifier(original features),MLP Original,MLPClassifier(original features),9.0,sklearn-pipeline;seed=66,0.9846153846153847,,,enriched,synthetic_binary,seed66,66,0,0,968b8823e361d3b1529f701a5a490e7f1287d5ae4ef75fba24f62eb92dbd92b4,holdout,195,65,0,reloaded_owl_shuffled,trepan_reloaded,main,CONTROLO NEGATIVO: Reloaded + OWL permutada -> MLP Original,shuffled,True,False,True,False,15.0,7.0,8.0,5.0,3.375,3.375,6.0,6.0,7.0,0.0,2318.0,6000.0,False,False,1.0,3.0,
,5.119936771000084,0.6127332930000193,0.05580502000020715,0.535296272999858,,0.8923076923076924,0.8929924242424243,0.8952380952380952,0.8929924242424243,0.8922056384742951,0.8921546115575967,0.9375,0.9076923076923077,MLP Original,MLPClassifier(original features),MLP Original,MLPClassifier(original features),9.0,sklearn-pipeline;seed=66,0.9846153846153847,,,enriched,synthetic_binary,seed66,66,0,0,968b8823e361d3b1529f701a5a490e7f1287d5ae4ef75fba24f62eb92dbd92b4,holdout,195,65,0,reloaded_e2e,trepan_reloaded,main,Pipeline completo: Reloaded + OWL real -> oráculo seleccionado pelo gate,real,True,False,True,False,13.0,6.0,7.0,4.0,3.0,3.0,6.0,6.0,6.0,3.0,2213.0,6000.0,False,False,1.0,3.0,
,0.36506155100005344,0.027311177000001408,0.0,0.0,,0.8769230769230769,0.8764204545454546,0.8785714285714286,0.8764204545454546,0.8766603415559773,0.8767479200116771,0.84375,0.8615384615384616,MLP Original,MLPClassifier(original features),MLP Original,MLPClassifier(original features),9.0,sklearn-pipeline;seed=66,0.9846153846153847,,,original,synthetic_binary,seed66,66,0,0,968b8823e361d3b1529f701a5a490e7f1287d5ae4ef75fba24f62eb92dbd92b4,holdout,195,65,0,trepan_original_no_mofn,trepan_original,ablation,TREPAN Original sem m-of-n (max_n=1),none,True,False,True,False,13.0,6.0,7.0,5.0,3.2857142857142856,3.2857142857142856,3.0,0.0,0.0,0.0,2212.0,6000.0,False,False,0.0,1.0,
,1.9658525190000091,0.556026550000297,0.05580502000020715,0.535296272999858,,0.8461538461538461,0.8470643939393939,0.8510536398467433,0.8470643939393939,0.8458254269449715,0.8457159538753466,0.90625,0.8615384615384616,MLP Original,MLPClassifier(original features),MLP Original,MLPClassifier(original features),9.0,sklearn-pipeline;seed=66,0.9846153846153847,,,enriched,synthetic_binary,seed66,66,0,0,968b8823e361d3b1529f701a5a490e7f1287d5ae4ef75fba24f62eb92dbd92b4,holdout,195,65,0,reloaded_owl_full_no_mofn,trepan_reloaded,ablation,Reloaded OWL completa sem m-of-n,real,True,False,True,False,11.0,5.0,6.0,4.0,3.0,3.0,4.0,0.0,5.0,0.0,2212.0,6000.0,False,False,1.0,1.0,
,4.7273596899999575,0.13007887799972195,0.05580502000020715,0.535296272999858,,0.9076923076923077,0.9086174242424243,0.9133141762452108,0.9086174242424243,0.9074952561669829,0.907429572325208,0.96875,0.9230769230769231,MLP Original,MLPClassifier(original features),MLP Original,MLPClassifier(original features),9.0,sklearn-pipeline;seed=66,0.9846153846153847,,,enriched,synthetic_binary,seed66,66,0,0,968b8823e361d3b1529f701a5a490e7f1287d5ae4ef75fba24f62eb92dbd92b4,holdout,195,65,0,reloaded_owl_full_no_active_queries,trepan_reloaded,ablation,Reloaded OWL completa sem active queries,real,True,False,True,False,11.0,5.0,6.0,4.0,2.8333333333333335,2.8333333333333335,7.0,5.0,5.0,1.0,2257.0,6000.0,False,False,1.0,3.0,
,4.915153358999987,0.5580377960000078,0.05580502000020715,0.535296272999858,,0.8615384615384616,0.8612689393939394,0.861954459203036,0.8612689393939394,0.8614072494669509,0.8614728555027062,0.84375,0.8769230769230769,MLP Original,MLPClassifier(original features),MLP Original,MLPClassifier(original features),9.0,sklearn-pipeline;seed=66,0.9846153846153847,,,enriched,synthetic_binary,seed66,66,0,0,968b8823e361d3b1529f701a5a490e7f1287d5ae4ef75fba24f62eb92dbd92b4,holdout,195,65,0,reloaded_owl_full_no_error_focus,trepan_reloaded,ablation,Reloaded OWL completa sem refinamento focado no erro,real,True,False,True,False,15.0,7.0,8.0,5.0,3.75,3.75,5.0,4.0,7.0,0.0,2271.0,6000.0,False,False,1.0,3.0,
