ablation,accuracy,active_oracle_fidelity,active_queries,balanced_accuracy,controlled_original_mlp_fidelity,dataset,depth,derived_owl_features,distillation,feature_space,macro_f1,model,nodes,ontology_abox_individuals,ontology_feature_coverage,ontology_path,ontology_quality_status,ontology_tbox_entities,oof_cv,pareto_candidates,reasoner,reasoner_consistent,repeat,test_role
without_owl,0.9473684210526315,0.47368421052631576,,0.9487179487179488,0.47368421052631576,iris,4,,,original,0.9487179487179488,C4.5-Nativo,9,,,,,,,,,,0,locked_final_test
without_owl,0.5526315789473685,0.9210526315789473,,0.564102564102564,0.9210526315789473,iris,7,,,original,0.547363031233999,TREPAN Original,15,,,,,,,,,,0,locked_final_test
without_owl,0.5526315789473685,0.9210526315789473,,0.564102564102564,0.9210526315789473,iris,7,,,original,0.547363031233999,TREPAN Reloaded — sem OWL,15,,,,,,,,,,0,locked_final_test
with_owl,0.9210526315789473,0.9473684210526315,48,0.923076923076923,0.5,iris,9,2,temperature_scaled_probability_mass,enriched,0.9229629629629629,TREPAN Reloaded — com OWL,213,0,1.0,/workspace/scratch/6122b42e007a/work/ontology_v6/trepa_reloaded/data/benchmark_ontologies/iris.owl,accepted,7,stratified_kfold,8,hermit,True,0,locked_final_test
without_owl,0.9210526315789473,0.5,,0.923076923076923,0.5,iris,2,,,original,0.9220389805097451,C4.5-Nativo,5,,,,,,,,,,1,locked_final_test
without_owl,0.5789473684210527,0.868421052631579,,0.5897435897435898,0.868421052631579,iris,6,,,original,0.47719298245614034,TREPAN Original,17,,,,,,,,,,1,locked_final_test
without_owl,0.5789473684210527,0.868421052631579,,0.5897435897435898,0.868421052631579,iris,6,,,original,0.47719298245614034,TREPAN Reloaded — sem OWL,17,,,,,,,,,,1,locked_final_test
with_owl,0.9473684210526315,0.9736842105263158,48,0.9487179487179488,0.5,iris,5,2,temperature_scaled_probability_mass,enriched,0.9487179487179488,TREPAN Reloaded — com OWL,15,0,1.0,/workspace/scratch/6122b42e007a/work/ontology_v6/trepa_reloaded/data/benchmark_ontologies/iris.owl,accepted,7,stratified_kfold,2,hermit,True,1,locked_final_test
without_owl,0.9736842105263158,0.2631578947368421,,0.9722222222222222,0.2631578947368421,iris,3,,,original,0.9731615673644659,C4.5-Nativo,7,,,,,,,,,,2,locked_final_test
without_owl,0.3157894736842105,0.9736842105263158,,0.3333333333333333,0.9736842105263158,iris,1,,,original,0.21621621621621623,TREPAN Original,3,,,,,,,,,,2,locked_final_test
without_owl,0.3157894736842105,0.9736842105263158,,0.3333333333333333,0.9736842105263158,iris,1,,,original,0.21621621621621623,TREPAN Reloaded — sem OWL,3,,,,,,,,,,2,locked_final_test
with_owl,0.8947368421052632,0.9210526315789473,48,0.8931623931623932,0.2894736842105263,iris,4,2,temperature_scaled_probability_mass,enriched,0.8931623931623932,TREPAN Reloaded — com OWL,13,0,1.0,/workspace/scratch/6122b42e007a/work/ontology_v6/trepa_reloaded/data/benchmark_ontologies/iris.owl,accepted,7,stratified_kfold,2,hermit,True,2,locked_final_test
without_owl,0.9333333333333333,0.8666666666666667,,0.9444444444444445,0.8666666666666667,wine,3,,,original,0.9393939393939394,C4.5-Nativo,9,,,,,,,,,,0,locked_final_test
without_owl,0.8666666666666667,0.8222222222222222,,0.8703703703703703,0.8222222222222222,wine,5,,,original,0.8619949494949495,TREPAN Original,23,,,,,,,,,,0,locked_final_test
without_owl,0.8666666666666667,0.8222222222222222,,0.8703703703703703,0.8222222222222222,wine,5,,,original,0.8619949494949495,TREPAN Reloaded — sem OWL,23,,,,,,,,,,0,locked_final_test
with_owl,0.9111111111111111,0.8888888888888888,48,0.912962962962963,0.8222222222222222,wine,8,3,temperature_scaled_probability_mass,enriched,0.912962962962963,TREPAN Reloaded — com OWL,59,0,1.0,/workspace/scratch/6122b42e007a/work/ontology_v6/trepa_reloaded/data/benchmark_ontologies/wine.owl,accepted,17,stratified_kfold,5,hermit,True,0,locked_final_test
without_owl,0.9333333333333333,0.6222222222222222,,0.9351851851851851,0.6222222222222222,wine,3,,,original,0.9328981054787505,C4.5-Nativo,9,,,,,,,,,,1,locked_final_test
without_owl,0.7111111111111111,0.7111111111111111,,0.6759259259259259,0.7111111111111111,wine,7,,,original,0.683539246419571,TREPAN Original,35,,,,,,,,,,1,locked_final_test
without_owl,0.7111111111111111,0.7111111111111111,,0.6759259259259259,0.7111111111111111,wine,7,,,original,0.683539246419571,TREPAN Reloaded — sem OWL,35,,,,,,,,,,1,locked_final_test
with_owl,0.8888888888888888,0.8,48,0.8759259259259259,0.6,wine,4,3,temperature_scaled_probability_mass,enriched,0.8851646437853335,TREPAN Reloaded — com OWL,19,0,1.0,/workspace/scratch/6122b42e007a/work/ontology_v6/trepa_reloaded/data/benchmark_ontologies/wine.owl,accepted,17,stratified_kfold,2,hermit,True,1,locked_final_test
without_owl,1.0,0.8888888888888888,,1.0,0.8888888888888888,wine,3,,,original,1.0,C4.5-Nativo,9,,,,,,,,,,2,locked_final_test
without_owl,0.9333333333333333,0.8666666666666667,,0.9259259259259259,0.8666666666666667,wine,5,,,original,0.9272505324398733,TREPAN Original,21,,,,,,,,,,2,locked_final_test
without_owl,0.9333333333333333,0.8666666666666667,,0.9259259259259259,0.8666666666666667,wine,5,,,original,0.9272505324398733,TREPAN Reloaded — sem OWL,21,,,,,,,,,,2,locked_final_test
with_owl,0.8666666666666667,0.8888888888888888,48,0.8333333333333334,0.8444444444444444,wine,9,3,temperature_scaled_probability_mass,enriched,0.8322608322608321,TREPAN Reloaded — com OWL,167,0,1.0,/workspace/scratch/6122b42e007a/work/ontology_v6/trepa_reloaded/data/benchmark_ontologies/wine.owl,accepted,17,stratified_kfold,8,hermit,True,2,locked_final_test
without_owl,0.9370629370629371,0.8741258741258742,,0.9267295597484277,0.8741258741258742,breast_cancer,6,,,original,0.9317205156772242,C4.5-Nativo,17,,,,,,,,,,0,locked_final_test
without_owl,0.8951048951048951,0.9300699300699301,,0.8662473794549266,0.9300699300699301,breast_cancer,6,,,original,0.8817856158721411,TREPAN Original,29,,,,,,,,,,0,locked_final_test
without_owl,0.8951048951048951,0.9300699300699301,,0.8662473794549266,0.9300699300699301,breast_cancer,6,,,original,0.8817856158721411,TREPAN Reloaded — sem OWL,29,,,,,,,,,,0,locked_final_test
with_owl,0.958041958041958,0.9370629370629371,48,0.9472746331236898,0.8951048951048951,breast_cancer,5,3,temperature_scaled_probability_mass,enriched,0.9542838874680306,TREPAN Reloaded — com OWL,35,0,1.0,/workspace/scratch/6122b42e007a/work/ontology_v6/trepa_reloaded/data/benchmark_ontologies/breast_cancer.owl,accepted,34,stratified_kfold,3,hermit,True,0,locked_final_test
without_owl,0.951048951048951,0.9230769230769231,,0.9494758909853249,0.9230769230769231,breast_cancer,6,,,original,0.9477366470004699,C4.5-Nativo,21,,,,,,,,,,1,locked_final_test
without_owl,0.9300699300699301,0.916083916083916,,0.9250524109014675,0.916083916083916,breast_cancer,6,,,original,0.9250524109014675,TREPAN Original,25,,,,,,,,,,1,locked_final_test
without_owl,0.9300699300699301,0.916083916083916,,0.9250524109014675,0.916083916083916,breast_cancer,6,,,original,0.9250524109014675,TREPAN Reloaded — sem OWL,25,,,,,,,,,,1,locked_final_test
with_owl,0.951048951048951,0.986013986013986,48,0.9455974842767296,0.965034965034965,breast_cancer,9,3,temperature_scaled_probability_mass,enriched,0.947329650092081,TREPAN Reloaded — com OWL,77,0,1.0,/workspace/scratch/6122b42e007a/work/ontology_v6/trepa_reloaded/data/benchmark_ontologies/breast_cancer.owl,accepted,34,stratified_kfold,5,hermit,True,1,locked_final_test
without_owl,0.965034965034965,0.9440559440559441,,0.9644654088050315,0.9440559440559441,breast_cancer,6,,,original,0.9626690335717643,C4.5-Nativo,23,,,,,,,,,,2,locked_final_test
without_owl,0.9440559440559441,0.965034965034965,,0.9400419287211741,0.965034965034965,breast_cancer,6,,,original,0.9400419287211741,TREPAN Original,23,,,,,,,,,,2,locked_final_test
without_owl,0.9440559440559441,0.965034965034965,,0.9400419287211741,0.965034965034965,breast_cancer,6,,,original,0.9400419287211741,TREPAN Reloaded — sem OWL,23,,,,,,,,,,2,locked_final_test
with_owl,0.958041958041958,0.951048951048951,48,0.958909853249476,0.951048951048951,breast_cancer,9,3,temperature_scaled_probability_mass,enriched,0.9553682896379525,TREPAN Reloaded — com OWL,325,0,1.0,/workspace/scratch/6122b42e007a/work/ontology_v6/trepa_reloaded/data/benchmark_ontologies/breast_cancer.owl,accepted,34,stratified_kfold,7,hermit,True,2,locked_final_test
