cf,original_class,desired_class
[-0.08538832  1.80717564  0.17713389 -0.26416285],1,0
[ 0.80876155  0.77345303 -1.28824644 -1.29624096],0,0
[-0.90045861  0.77345303 -0.13568092 -1.29624096],0,0
[-0.90045861  0.77345303 -1.28824644  1.67098361],0,0
[0.49680475 2.98632956 0.34621623 0.12286644],1,0
[-0.43470415  1.39866951  0.00805154 -0.13515309],1,0
[0.26392752 2.98632956 0.45893779 0.25187621],1,0
[ 0.14748891  2.30970407  0.1207731  -0.26416285],1,0
[-1.70747134 -0.33298523 -0.10467002  0.12286644],1,0
[-0.31826554  1.9826233  -0.10467002  0.12286644],1,0
[ 0.81241325  0.77345303 -1.34460722 -1.1672312 ],0,0
[-1.48265167  0.77345303  0.22921893 -1.1672312 ],0,0
[ 2.35982255  1.43731599 -1.28824644 -1.29624096],0,0
[-0.66758138 -1.65436453 -1.28824644 -1.29624096],0,0
[-0.66758138  1.43731599  1.75523577 -1.29624096],0,0
[-0.78401999  2.3224666   1.75523577 -1.42525073],0,0
[ 0.26392752  2.98632956  0.51529857 -0.00614332],1,0
[ 1.28259763  1.65860364 -1.06280331 -1.03822143],0,0
[-0.90045861 -1.61927856 -1.06280331 -1.03822143],0,0
[-0.90045861  1.65860364  0.95092726 -1.03822143],0,0
[ 0.97338049  0.99474068 -1.34460722 -1.1672312 ],0,0
[-0.90045861  0.99474068  0.22186489 -1.1672312 ],0,0
[-0.43470415  1.30039896 -0.04830924 -0.26416285],1,0
[-0.20182693 -2.26395091 -1.28824644 -1.03822143],0,0
[-0.20182693  2.98632956  1.45344038 -1.03822143],0,0
[ 0.65924263  0.77345303 -1.28824644 -1.03822143],0,0
[-0.55114277 -1.11039962 -1.28824644 -1.03822143],0,0
[-0.55114277  0.77345303 -0.45119776 -1.03822143],0,0
[-0.55114277  0.77345303 -1.28824644  1.19324906],0,0
[ 0.68837535  0.77345303 -1.06280331 -1.29624096],0,0
[-1.24977444  0.77345303  0.75842823 -1.29624096],0,0
[ 1.0228229   0.99474068 -1.34460722 -1.29624096],0,0
[-0.90045861  0.99474068 -0.06536581 -1.29624096],0,0
[ 0.20502082 -0.11169758 -1.34460722 -1.1672312 ],0,0
[-1.24977444 -0.11169758 -0.39769818 -1.1672312 ],0,0
[-1.24977444 -0.11169758 -1.34460722  1.51994872],0,0
[-0.08538832  2.98632956  0.17713389 -0.26416285],1,1
[-0.08538832 -0.77556053  0.17713389  1.67098361],1,1
[ 0.80876152  0.77345303 -1.28824644 -1.29624096],0,1
[-0.90045861  0.77345303 -0.1356809  -1.29624096],0,1
[-0.90045861  0.77345303 -1.28824644  1.67098361],0,1
[ 1.42831365 -0.11169758  0.06256335  1.15494455],2,1
[ 1.42831365 -0.11169758  1.19162795  0.02764171],2,1
[0.9625592  0.10959008 1.17028503 0.38088597],1,1
[0.9625592  0.10959008 0.51529857 0.85935262],1,1
[1.54475226 0.33087773 0.69129601 0.76791526],2,1
[1.54475226 0.33087773 1.24798874 0.20546508],2,1
[0.49680475 2.98632956 0.34621623 0.12286644],1,1
[ 0.49680475 -1.66071114  1.20612198  0.12286644],1,1
[ 0.49680475 -1.66071114  0.34621623  0.56206815],1,1
[1.19543642 0.10959008 0.08094083 1.15494455],2,1
[1.19543642 0.10959008 0.90982405 0.35157428],2,1
[ 1.72875374 -0.77556053  0.7407417   0.50989573],1,1
[ 0.14748891 -1.0874762   0.7407417   0.50989573],1,1
[ 0.14748891 -0.77556053  0.84339759  0.50989573],1,1
[ 0.14748891 -0.77556053  0.7407417   0.57327456],1,1
[-0.43470415  2.61973634  0.00805154 -0.13515309],1,1
[-0.43470415 -1.43942349  0.00805154  1.67098361],1,1
[-0.59118971  0.33087773  0.57165936  0.76791526],1,1
[0.0310503  2.98632956 0.57165936 0.76791526],1,1
[ 0.0310503   0.33087773 -0.15720627  0.76791526],1,1
[0.0310503  0.33087773 0.57165936 1.19697404],1,1
[0.26392752 2.00820251 0.45893779 0.25187621],1,1
[ 0.26392752 -0.11169758  1.5447089   0.25187621],1,1
[ 0.26392752 -0.11169758  0.45893779  0.86974944],1,1
[ 0.14748891  2.16165262  0.1207731  -0.26416285],1,1
[ 0.14748891 -1.8819988   0.1207731   0.80861411],1,1
[-1.83196751 -0.33298523 -0.10467002  0.12286644],1,1
[-0.31826554  1.33907714 -0.10467002  0.12286644],1,1
[-0.31826554 -0.33298523 -0.10467002  1.67098361],1,1
[ 0.81241312  0.77345303 -1.34460722 -1.1672312 ],0,1
[-1.48265167  0.77345303  0.2292188  -1.1672312 ],0,1
[ 2.35982255  1.43731599 -1.28824644 -1.29624096],0,1
[-0.66758138 -1.65436448 -1.28824644 -1.29624096],0,1
[-0.66758138  1.43731599  1.75523577 -1.29624096],0,1
[-1.42545135  1.65860364  1.47343186  1.02593479],2,1
[ 2.35982255  1.65860364 -1.51368956  1.02593479],2,1
[ 2.35982255  1.65860364  1.47343186 -0.88173574],2,1
[ 0.9625592  -0.11169758 -0.92734892  1.41296408],2,1
[ 0.9625592  -0.11169758  0.79710248  0.42426718],2,1
[-0.78401999  2.3224666   1.75523577 -1.42525073],0,1
[ 0.61324336  0.33087773 -0.21430151  1.41296408],2,1
[0.61324336 0.33087773 0.85346326 0.69648079],2,1
[ 0.26392752  2.57140609  0.51529857 -0.00614332],1,1
[ 0.26392752 -0.55427288  0.51529857  1.67098361],1,1
[ 1.28259765  1.65860364 -1.06280331 -1.03822143],0,1
[-0.90045861 -1.6192785  -1.06280331 -1.03822143],0,1
[-0.90045861  1.65860364  0.95092843 -1.03822143],0,1
[ 0.97338043  0.99474068 -1.34460722 -1.1672312 ],0,1
[-0.90045861  0.99474068  0.22186488 -1.1672312 ],0,1
[-0.43470415  2.2114296  -0.04830924 -0.26416285],1,1
[-0.43470415 -1.43942349 -0.04830924  0.92741984],1,1
[-0.20182693 -2.26401499 -1.28824644 -1.03822143],0,1
[-0.20182693  2.98632956  1.45344523 -1.03822143],0,1
[ 0.61324336 -0.55427288 -0.09540496  1.15494455],2,1
[ 0.61324336 -0.55427288  1.02254561  0.44322883],2,1
[-0.08538832  0.50617693  0.7407417   0.89692503],2,1
[-0.08538832 -0.77556053  0.09333301  0.89692503],2,1
[-0.08538832 -0.77556053  0.7407417   0.63744866],2,1
[ 0.65924256  0.77345303 -1.28824644 -1.03822143],0,1
[-0.55114277 -1.11039953 -1.28824644 -1.03822143],0,1
[-0.55114277  0.77345303 -0.4511978  -1.03822143],0,1
[-0.55114277  0.77345303 -1.28824644  1.19324923],0,1
[ 1.77762949 -0.55427288  0.06206014  0.89692503],2,1
[ 1.77762949 -0.55427288  1.30434952  0.19518393],2,1
[ 0.68837534  0.77345303 -1.06280331 -1.29624096],0,1
[-1.24977444  0.77345303  0.75842841 -1.29624096],0,1
[ 1.02282283  0.99474068 -1.34460722 -1.29624096],0,1
[-0.90045861  0.99474068 -0.06536584 -1.29624096],0,1
[ 0.20391121 -0.11169758 -1.34460722 -1.1672312 ],0,1
[-1.24977444 -0.11169758 -0.3967522  -1.1672312 ],0,1
[-1.24977444 -0.11169758 -1.34460722  1.52280282],0,1
[ 0.9625592   0.55216538 -0.37115051  1.67098361],2,1
[0.9625592  0.55216538 1.07890639 0.6136386 ],2,1
[0.49680475 0.13669854 0.62802014 0.76791526],2,1
[ 0.49680475 -0.77556053  0.27606771  0.76791526],2,1
[ 0.49680475 -0.77556053  0.62802014  0.57707742],2,1
[-0.08538832 -0.77556053  0.17713389  0.84258367],1,2
[ 1.42831365 -0.11169758  0.0626109   1.15494455],2,2
[ 1.42831365 -0.11169758  1.19162795  0.02736037],2,2
[0.9625592  0.10959008 1.16943538 0.38088597],1,2
[0.9625592  0.10959008 0.51529857 0.85354225],1,2
[1.54475226 0.33087773 0.69197621 0.76791526],2,2
[1.54475226 0.33087773 1.24798874 0.20504502],2,2
[ 0.49680475 -1.66071114  1.2046822   0.12286644],1,2
[ 0.49680475 -1.66071114  0.34621623  0.56107965],1,2
[1.19543642 0.10959008 0.08104248 1.15494455],2,2
[1.19543642 0.10959008 0.90982405 0.35123845],2,2
[ 1.6907106  -0.77556053  0.7407417   0.50989573],1,2
[ 0.14748891 -1.07908744  0.7407417   0.50989573],1,2
[ 0.14748891 -0.77556053  0.84154581  0.50989573],1,2
[ 0.14748891 -0.77556053  0.7407417   0.57199332],1,2
[-0.43470415 -1.43942349  0.00805154  1.20750251],1,2
[1.40524572 0.33087773 0.57165936 0.76791526],1,2
[ 0.0310503  -0.6645234   0.57165936  0.76791526],1,2
[0.0310503  0.33087773 0.7828373  0.76791526],1,2
[0.0310503  0.33087773 0.57165936 0.90517755],1,2
[ 0.26392752 -0.11169758  1.48470951  0.25187621],1,2
[ 0.26392752 -0.11169758  0.45893779  0.8603703 ],1,2
[ 0.14748891 -1.8819988   0.1207731   0.59505094],1,2
[-0.31826554 -0.33298523 -0.10467002  0.93704393],1,2
[-1.37228284  1.65860364  1.47343186  1.02593479],2,2
[2.35982255 1.65860364 0.24733789 1.02593479],2,2
[2.35982255 1.65860364 1.47343186 0.46715803],2,2
[ 0.9625592  -0.11169758 -0.92605373  1.41296408],2,2
[ 0.9625592  -0.11169758  0.79710248  0.42451061],2,2
[ 0.61324336  0.33087773 -0.1988634   1.41296408],2,2
[0.61324336 0.33087773 0.85346326 0.69316844],2,2
[ 0.26392752 -0.55427288  0.51529857  0.70261082],1,2
[-0.43470415 -1.43942349 -0.04830924  0.78572674],1,2
[ 0.61324336 -0.55427288 -0.09526245  1.15494455],2,2
[ 0.61324336 -0.55427288  1.02254561  0.44326455],2,2
[-0.08538832  0.50554035  0.7407417   0.89692503],2,2
[-0.08538832 -0.77556053  0.09384862  0.89692503],2,2
[-0.08538832 -0.77556053  0.7407417   0.6385611 ],2,2
[ 1.77762949 -0.55427288  0.0620718   0.89692503],2,2
[ 1.77762949 -0.55427288  1.30434952  0.19518005],2,2
[ 0.9625592   0.55216538 -0.36544763  1.67098361],2,2
[0.9625592  0.55216538 1.07890639 0.61363349],2,2
[0.49680475 0.1335464  0.62802014 0.76791526],2,2
[ 0.49680475 -0.77556053  0.31752951  0.76791526],2,2
[ 0.49680475 -0.77556053  0.62802014  0.61821642],2,2
