idx,cf,original_class,desired_class
3,"[0.9625591992737927 0.10959007542744921 0.5152985747092613
 0.9022520872120425]",1,2
3,"[0.9625591992737927 0.10959007542744921 0.5152985747092613
 0.9022520872120425]",1,2
3,"[0.9625591992737927 0.10959007542744921 0.5152985747092613
 1.0588508783875699]",1,2
0,"[-0.0853883160646105 1.9798705358895683 0.17713388505630806
 -0.2641628501752259]",1,0
0,"[-0.0853883160646105 1.9798705358895683 0.17713388505630806
 -0.2641628501752259]",1,0
0,"[-0.0853883160646105 2.0899062384732234 0.17713388505630806
 -0.2641628501752259]",1,0
1,"[0.9707526944888247 0.7734530323437336 -1.2882464367731545
 -1.2962409624877367]",0,1
1,"[0.9707526944888247 0.7734530323437336 -1.2882464367731545
 -1.2962409624877367]",0,1
1,"[0.991849499413266 0.7734530323437336 -1.2882464367731545
 -1.2962409624877367]",0,1
2,"[1.4283136505353045 -0.11169757687797925 1.1916279540151673
 0.28680033316544007]",2,1
2,"[1.4283136505353045 -0.11169757687797925 1.1916279540151673
 0.28680033316544007]",2,1
2,"[1.4283136505353045 -0.11169757687797925 1.1916279540151673
 0.24857378259860705]",2,1
4,"[1.5447522633506832 0.3308777277328777 1.2479887356239927
 0.28942502991942987]",2,1
4,"[1.5447522633506832 0.3308777277328777 1.2479887356239927
 0.28942502991942987]",2,1
4,"[1.5447522633506832 0.3308777277328777 1.2479887356239927
 0.27592500058334357]",2,1
6,"[1.1954364249045493 0.10959007542744921 0.9098240459710399
 0.37950222332383715]",2,1
6,"[1.1954364249045493 0.10959007542744921 0.9098240459710399
 0.37950222332383715]",2,1
6,"[1.1954364249045493 0.10959007542744921 0.9098240459710399
 0.3372309974821909]",2,1
5,"[0.49680474801228 -1.6607111430159776 0.34621622988278494
 0.6384308014708536]",1,2
5,"[0.49680474801228 -1.6607111430159776 0.34621622988278494
 0.6384308014708536]",1,2
5,"[0.49680474801228 -1.6607111430159776 0.34621622988278494
 0.7127249993758774]",1,2
7,"[0.14748890956614588 -0.7755605337942637 0.7407417011445631
 0.7967558697827277]",1,2
7,"[0.14748890956614588 -0.7755605337942637 0.7407417011445631
 0.7967558697827277]",1,2
7,"[0.14748890956614588 -0.7755605337942637 0.7407417011445631
 0.8033285191365974]",1,2
8,"[-0.43470415451074457 1.4736417146258454 0.008051540229831684
 -0.13515308613616195]",1,0
8,"[-0.43470415451074457 1.4736417146258454 0.008051540229831684
 -0.13515308613616195]",1,0
8,"[-0.43470415451074457 1.5680406039299113 0.008051540229831684
 -0.13515308613616195]",1,0
9,"[0.03105029675076821 0.3308777277328777 0.5716593563180866
 0.9736928620175487]",1,2
9,"[0.03105029675076821 0.3308777277328777 0.5716593563180866
 0.9736928620175487]",1,2
9,"[0.03105029675076821 0.3308777277328777 0.5716593563180866
 1.2593345404220715]",1,2
10,"[0.26392752238152356 2.566612570377602 0.45893779310043553
 0.2518762059810294]",1,0
10,"[0.26392752238152356 2.566612570377602 0.45893779310043553
 0.2518762059810294]",1,0
10,"[0.26392752238152356 2.5954261369199 0.45893779310043553
 0.2518762059810294]",1,0
11,"[0.14748890956614588 1.9786649063968285 0.12077310344748278
 -0.2641628501752259]",1,0
11,"[0.14748890956614588 1.9786649063968285 0.12077310344748278
 -0.2641628501752259]",1,0
11,"[0.14748890956614588 2.0608670195735286 0.12077310344748278
 -0.2641628501752259]",1,0
13,"[0.9218975549708843 0.7734530323437336 -1.3446072183819802
 -1.1672311984486727]",0,1
13,"[0.9218975549708843 0.7734530323437336 -1.3446072183819802
 -1.1672311984486727]",0,1
13,"[1.4086515722202786 0.7734530323437336 -1.3446072183819802
 -1.1672311984486727]",0,1
12,"[-0.3182655416953669 1.5863564211467136 -0.20361195335897153
 0.1228664419419657]",1,0
12,"[-0.3182655416953669 1.5863564211467136 -0.20361195335897153
 0.1228664419419657]",1,0
12,"[-0.3182655416953669 1.5715663974116831 -0.2284637230980927
 0.1228664419419657]",1,0
14,"[-0.667581380141501 1.4373159892600191 0.28269510437576806
 -1.2962409624877367]",0,1
14,"[-0.667581380141501 1.4373159892600191 0.28269510437576806
 -1.2962409624877367]",0,1
14,"[-0.667581380141501 1.4373159892600191 0.3032492606292711
 -1.2962409624877367]",0,1
15,[2.35982255305833 1.6586036415654466 1.4734318620592948 0.1852514588531483],2,1
15,[2.35982255305833 1.6586036415654466 1.4734318620592948 0.1852514588531483],2,1
15,[2.35982255305833 1.6586036415654466 1.4734318620592948 0.1841566746817836],2,1
17,"[-0.7840199929568786 1.7350377375103865 0.565763097984749
 -1.4252507265268004]",0,1
17,"[-0.7840199929568786 1.7350377375103865 0.565763097984749
 -1.4252507265268004]",0,1
17,"[-0.7840199929568786 1.6889465492340496 0.5387764785324634
 -1.4252507265268004]",0,1
16,"[0.9625591992737927 -0.11169757687797925 0.7971024827533888
 0.5128896068425546]",2,1
16,"[0.9625591992737927 -0.11169757687797925 0.7971024827533888
 0.5128896068425546]",2,1
16,"[0.9625591992737927 -0.11169757687797925 0.7971024827533888
 0.4486553772273871]",2,1
18,"[0.6132433608276587 0.3308777277328777 0.8534632643622141
 0.5347427492798027]",2,1
18,"[0.6132433608276587 0.3308777277328777 0.8534632643622141
 0.5347427492798027]",2,1
18,"[0.6132433608276587 0.3308777277328777 0.8534632643622141
 0.5130402817947586]",2,1
19,"[0.26392752238152356 2.5969409076499743 0.5152985747092613
 -0.006143322097098257]",1,0
19,"[0.26392752238152356 2.5969409076499743 0.5152985747092613
 -0.006143322097098257]",1,0
19,"[0.26392752238152356 2.6782203585759166 0.5152985747092613
 -0.006143322097098257]",1,0
20,"[1.3306451107980588 1.6586036415654466 -1.0628033103378527
 -1.038221434409609]",0,1
20,"[1.3306451107980588 1.6586036415654466 -1.0628033103378527
 -1.038221434409609]",0,1
20,"[1.4098291451132483 1.6586036415654466 -1.0628033103378527
 -1.038221434409609]",0,1
21,"[-0.9004586057722573 0.9947406846491621 0.22182162236067723
 -1.1672311984486727]",0,1
21,"[-0.9004586057722573 0.9947406846491621 0.22182162236067723
 -1.1672311984486727]",0,1
21,"[-0.9004586057722573 0.9947406846491621 0.2407324594353911
 -1.1672311984486727]",0,1
22,"[-0.43470415451074457 1.3735206866190004 -0.04830924137899361
 -0.2641628501752259]",1,0
22,"[-0.43470415451074457 1.3735206866190004 -0.04830924137899361
 -0.2641628501752259]",1,0
22,"[-0.43470415451074457 1.4306414130565095 -0.04830924137899361
 -0.2641628501752259]",1,0
23,"[-0.20182692887998818 -0.8856850437472648 -1.2882464367731545
 -1.038221434409609]",0,1
23,"[-0.20182692887998818 -0.8856850437472648 -1.2882464367731545
 -1.038221434409609]",0,1
23,"[-0.20182692887998818 -0.9327551132045524 -1.2882464367731545
 -1.038221434409609]",0,1
24,"[0.6132433608276587 -0.5542728814888362 1.0225456091886904
 0.17447394800333488]",2,1
24,"[0.6132433608276587 -0.5542728814888362 1.0225456091886904
 0.17447394800333488]",2,1
24,"[0.6132433608276587 -0.5542728814888362 1.0225456091886904
 0.15165936203786493]",2,1
25,"[-0.0853883160646105 -0.7755605337942637 0.7407417011445631
 0.5303291636556422]",2,1
25,"[-0.0853883160646105 -0.7755605337942637 0.7407417011445631
 0.5303291636556422]",2,1
25,"[-0.0853883160646105 -0.7755605337942637 0.7407417011445631
 0.5182096936651933]",2,1
26,"[-0.5511427673261223 0.7734530323437336 -0.08029883684214495
 -1.038221434409609]",0,1
26,"[-0.5511427673261223 0.7734530323437336 -0.08029883684214495
 -1.038221434409609]",0,1
26,"[-0.5511427673261223 0.7734530323437336 -0.06288107172384702
 -1.038221434409609]",0,1
27,"[1.7776294889814397 -0.5542728814888362 1.304349517232818
 0.1777506734686157]",2,1
27,"[1.7776294889814397 -0.5542728814888362 1.304349517232818
 0.1777506734686157]",2,1
27,"[1.7776294889814397 -0.5542728814888362 1.304349517232818
 0.13691040485473124]",2,1
28,"[0.7438927523586263 0.7734530323437336 -1.0628033103378527
 -1.2962409624877367]",0,1
28,"[0.7438927523586263 0.7734530323437336 -1.0628033103378527
 -1.2962409624877367]",0,1
28,"[0.8486122433076776 0.7734530323437336 -1.0628033103378527
 -1.2962409624877367]",0,1
30,"[0.26675917180496933 -0.11169757687797925 -1.3446072183819802
 -1.1672311984486727]",0,1
30,"[0.26675917180496933 -0.11169757687797925 -1.3446072183819802
 -1.1672311984486727]",0,1
30,"[0.5274273409891439 -0.11169757687797925 -1.3446072183819802
 -1.1672311984486727]",0,1
29,"[-0.9004586057722573 0.9947406846491621 0.2812479501312078
 -1.2962409624877367]",0,1
29,"[-0.9004586057722573 0.9947406846491621 0.2812479501312078
 -1.2962409624877367]",0,1
29,"[-0.9004586057722573 0.9947406846491621 0.43561094164332403
 -1.2962409624877367]",0,1
31,"[0.9625591992737927 0.5521653800383052 1.0789063907975163
 0.4353367291647986]",2,1
31,"[0.9625591992737927 0.5521653800383052 1.0789063907975163
 0.4353367291647986]",2,1
31,"[0.9625591992737927 0.5521653800383052 1.0789063907975163
 0.4191963942877768]",2,1
32,"[0.49680474801228 -0.7755605337942637 0.6280201379269125
 0.5579245724558883]",2,1
32,"[0.49680474801228 -0.7755605337942637 0.6280201379269125
 0.5579245724558883]",2,1
32,[0.49680474801228 -0.7755605337942637 0.6280201379269125 0.531519123001434],2,1
