feature,kind,operation,n_sources,sources,ontology_metadata_used,linear_r2_vs_sources,linear_r2_vs_all_originals,nonlinear_information,name_heuristic_replicable,reasoner_inferred,provenance,std,classification
onto_NuclearMorphometryProfile_aggregate,hierarchical_aggregate,standardized_mean,30,radius_mean;texture_mean;perimeter_mean;area_mean;smoothness_mean;compactness_mean;concavity_mean;concave_points_mean;symmetry_mean;fractal_dimension_mean;radius_se;texture_se;perimeter_se;area_se;smoothness_se;compactness_se;concavity_se;concave_points_se;symmetry_se;fractal_dimension_se;radius_worst;texture_worst;perimeter_worst;area_worst;smoothness_worst;compactness_worst;concavity_worst;concave_points_worst;symmetry_worst;fractal_dimension_worst,agrupamento por pai OWL (rdfs:domain / subPropertyOf / subClassOf),1.0,1.0,False,True,False,owl_hierarchy_standardized_train_only,0.625573153155882,conventional_engineering_replicable_by_names
onto_hasNuclearRadiusStatistic_aggregate,hierarchical_aggregate,standardized_mean,3,radius_mean;radius_se;radius_worst,agrupamento por pai OWL (rdfs:domain / subPropertyOf / subClassOf),1.0,1.0,False,True,False,owl_hierarchy_standardized_train_only,0.9266060598584093,conventional_engineering_replicable_by_names
onto_hasNuclearTextureStatistic_aggregate,hierarchical_aggregate,standardized_mean,3,texture_mean;texture_se;texture_worst,agrupamento por pai OWL (rdfs:domain / subPropertyOf / subClassOf),1.0,1.0,False,True,False,owl_hierarchy_standardized_train_only,0.8442491704178094,conventional_engineering_replicable_by_names
onto_hasNuclearPerimeterStatistic_aggregate,hierarchical_aggregate,standardized_mean,3,perimeter_mean;perimeter_se;perimeter_worst,agrupamento por pai OWL (rdfs:domain / subPropertyOf / subClassOf),1.0,1.0,False,True,False,owl_hierarchy_standardized_train_only,0.9291038796810283,conventional_engineering_replicable_by_names
onto_hasNuclearAreaStatistic_aggregate,hierarchical_aggregate,standardized_mean,3,area_mean;area_se;area_worst,agrupamento por pai OWL (rdfs:domain / subPropertyOf / subClassOf),1.0,1.0,False,True,False,owl_hierarchy_standardized_train_only,0.9511054629939192,conventional_engineering_replicable_by_names
onto_hasNuclearSmoothnessStatistic_aggregate,hierarchical_aggregate,standardized_mean,3,smoothness_mean;smoothness_se;smoothness_worst,agrupamento por pai OWL (rdfs:domain / subPropertyOf / subClassOf),1.0,1.0,False,True,False,owl_hierarchy_standardized_train_only,0.8099598198707532,conventional_engineering_replicable_by_names
onto_hasNuclearCompactnessStatistic_aggregate,hierarchical_aggregate,standardized_mean,3,compactness_mean;compactness_se;compactness_worst,agrupamento por pai OWL (rdfs:domain / subPropertyOf / subClassOf),1.0,1.0,False,True,False,owl_hierarchy_standardized_train_only,0.9169164730933967,conventional_engineering_replicable_by_names
onto_hasNuclearConcavityStatistic_aggregate,hierarchical_aggregate,standardized_mean,3,concavity_mean;concavity_se;concavity_worst,agrupamento por pai OWL (rdfs:domain / subPropertyOf / subClassOf),1.0,1.0,False,True,False,owl_hierarchy_standardized_train_only,0.9114014825021439,conventional_engineering_replicable_by_names
onto_hasNuclearConcavePointsStatistic_aggregate,hierarchical_aggregate,standardized_mean,3,concave_points_mean;concave_points_se;concave_points_worst,agrupamento por pai OWL (rdfs:domain / subPropertyOf / subClassOf),1.0,1.0,False,True,False,owl_hierarchy_standardized_train_only,0.8979283627843345,conventional_engineering_replicable_by_names
onto_hasNuclearSymmetryStatistic_aggregate,hierarchical_aggregate,standardized_mean,3,symmetry_mean;symmetry_se;symmetry_worst,agrupamento por pai OWL (rdfs:domain / subPropertyOf / subClassOf),1.0,1.0,False,True,False,owl_hierarchy_standardized_train_only,0.8217007869753788,conventional_engineering_replicable_by_names
onto_hasNuclearFractalDimensionStatistic_aggregate,hierarchical_aggregate,standardized_mean,3,fractal_dimension_mean;fractal_dimension_se;fractal_dimension_worst,agrupamento por pai OWL (rdfs:domain / subPropertyOf / subClassOf),1.0,1.0,False,True,False,owl_hierarchy_standardized_train_only,0.887788315904925,conventional_engineering_replicable_by_names
onto_area_worst_minus_mean,relational,difference,2,area_worst;area_mean,"measurementFamily + statisticRole (mesma grandeza, papéis mean/worst/error)",1.0,1.0,False,True,False,owl_measurement_family_role,252.01984787964386,conventional_engineering_replicable_by_names
onto_area_relative_worst_delta,relational,relative_delta,2,area_worst;area_mean,"measurementFamily + statisticRole (mesma grandeza, papéis mean/worst/error)",0.837961,0.960205,True,True,False,owl_measurement_family_role,0.18682276953847013,conventional_engineering_replicable_by_names
onto_area_family_contrast,relational,contrast,2,area_worst;area_mean,"measurementFamily + statisticRole (mesma grandeza, papéis mean/worst/error)",0.789877,0.960673,True,True,False,owl_measurement_family_role,0.0627852694510674,conventional_engineering_replicable_by_names
onto_area_normalized_error,relational,normalized_error,3,area_se;area_mean;area_worst,"measurementFamily + statisticRole (mesma grandeza, papéis mean/worst/error)",0.6477,0.955478,True,True,False,owl_measurement_family_role,0.011235177325266776,conventional_engineering_replicable_by_names
onto_area_error_ratio,relational,ratio,2,area_se;area_mean,"measurementFamily + statisticRole (mesma grandeza, papéis mean/worst/error)",0.678569,0.95354,True,True,False,owl_measurement_family_role,0.028225910772493496,conventional_engineering_replicable_by_names
onto_compactness_worst_minus_mean,relational,difference,2,compactness_worst;compactness_mean,"measurementFamily + statisticRole (mesma grandeza, papéis mean/worst/error)",1.0,1.0,False,True,False,owl_measurement_family_role,0.11459570688016082,conventional_engineering_replicable_by_names
onto_compactness_relative_worst_delta,relational,relative_delta,2,compactness_worst;compactness_mean,"measurementFamily + statisticRole (mesma grandeza, papéis mean/worst/error)",0.790252,0.86667,True,True,False,owl_measurement_family_role,0.6549293028666461,conventional_engineering_replicable_by_names
onto_compactness_family_contrast,relational,contrast,2,compactness_worst;compactness_mean,"measurementFamily + statisticRole (mesma grandeza, papéis mean/worst/error)",0.699127,0.852434,True,True,False,owl_measurement_family_role,0.11387582180615148,conventional_engineering_replicable_by_names
onto_compactness_normalized_error,relational,normalized_error,3,compactness_se;compactness_mean;compactness_worst,"measurementFamily + statisticRole (mesma grandeza, papéis mean/worst/error)",0.839572,0.897078,True,True,False,owl_measurement_family_role,0.03310616421454282,conventional_engineering_replicable_by_names
onto_compactness_error_ratio,relational,ratio,2,compactness_se;compactness_mean,"measurementFamily + statisticRole (mesma grandeza, papéis mean/worst/error)",0.856449,0.874421,True,True,False,owl_measurement_family_role,0.10149243938691675,conventional_engineering_replicable_by_names
onto_concave_points_worst_minus_mean,relational,difference,2,concave_points_worst;concave_points_mean,"measurementFamily + statisticRole (mesma grandeza, papéis mean/worst/error)",1.0,1.0,False,True,False,owl_measurement_family_role,0.034371991864484044,conventional_engineering_replicable_by_names
onto_concave_points_relative_worst_delta,relational,relative_delta,2,concave_points_worst;concave_points_mean,"measurementFamily + statisticRole (mesma grandeza, papéis mean/worst/error)",0.468459,0.637651,True,True,False,owl_measurement_family_role,1.0527812557697547,conventional_engineering_replicable_by_names
onto_concave_points_family_contrast,relational,contrast,2,concave_points_worst;concave_points_mean,"measurementFamily + statisticRole (mesma grandeza, papéis mean/worst/error)",0.568108,0.716889,True,True,False,owl_measurement_family_role,0.14837458852231725,conventional_engineering_replicable_by_names
onto_concave_points_normalized_error,relational,normalized_error,3,concave_points_se;concave_points_mean;concave_points_worst,"measurementFamily + statisticRole (mesma grandeza, papéis mean/worst/error)",0.59403,0.648678,True,True,False,owl_measurement_family_role,0.051340489450637926,conventional_engineering_replicable_by_names
onto_concave_points_error_ratio,relational,ratio,2,concave_points_se;concave_points_mean,"measurementFamily + statisticRole (mesma grandeza, papéis mean/worst/error)",0.475107,0.602891,True,True,False,owl_measurement_family_role,0.2115489964474377,conventional_engineering_replicable_by_names
onto_concavity_worst_minus_mean,relational,difference,2,concavity_worst;concavity_mean,"measurementFamily + statisticRole (mesma grandeza, papéis mean/worst/error)",1.0,1.0,False,True,False,owl_measurement_family_role,0.14295270546448954,conventional_engineering_replicable_by_names
onto_concavity_relative_worst_delta,relational,relative_delta,2,concavity_worst;concavity_mean,"measurementFamily + statisticRole (mesma grandeza, papéis mean/worst/error)",0.462418,0.718222,True,True,False,owl_measurement_family_role,1.2853411686704703,conventional_engineering_replicable_by_names
onto_concavity_family_contrast,relational,contrast,2,concavity_worst;concavity_mean,"measurementFamily + statisticRole (mesma grandeza, papéis mean/worst/error)",0.449009,0.730286,True,True,False,owl_measurement_family_role,0.148288945851046,conventional_engineering_replicable_by_names
onto_concavity_normalized_error,relational,normalized_error,3,concavity_se;concavity_mean;concavity_worst,"measurementFamily + statisticRole (mesma grandeza, papéis mean/worst/error)",0.49377,0.660139,True,True,False,owl_measurement_family_role,0.05914190418570212,conventional_engineering_replicable_by_names
onto_concavity_error_ratio,relational,ratio,2,concavity_se;concavity_mean,"measurementFamily + statisticRole (mesma grandeza, papéis mean/worst/error)",0.49377,0.620142,True,True,False,owl_measurement_family_role,0.2330215086104453,conventional_engineering_replicable_by_names
onto_fractal_dimension_worst_minus_mean,relational,difference,2,fractal_dimension_worst;fractal_dimension_mean,"measurementFamily + statisticRole (mesma grandeza, papéis mean/worst/error)",1.0,1.0,False,True,False,owl_measurement_family_role,0.013418312865664573,conventional_engineering_replicable_by_names
onto_fractal_dimension_relative_worst_delta,relational,relative_delta,2,fractal_dimension_worst;fractal_dimension_mean,"measurementFamily + statisticRole (mesma grandeza, papéis mean/worst/error)",0.984359,0.988264,True,True,False,owl_measurement_family_role,0.18494129902842435,conventional_engineering_replicable_by_names
onto_fractal_dimension_family_contrast,relational,contrast,2,fractal_dimension_worst;fractal_dimension_mean,"measurementFamily + statisticRole (mesma grandeza, papéis mean/worst/error)",0.949618,0.968415,True,True,False,owl_measurement_family_role,0.06339393607708867,conventional_engineering_replicable_by_names
onto_fractal_dimension_normalized_error,relational,normalized_error,3,fractal_dimension_se;fractal_dimension_mean;fractal_dimension_worst,"measurementFamily + statisticRole (mesma grandeza, papéis mean/worst/error)",0.965982,0.978428,True,True,False,owl_measurement_family_role,0.013552772842823706,conventional_engineering_replicable_by_names
onto_fractal_dimension_error_ratio,relational,ratio,2,fractal_dimension_se;fractal_dimension_mean,"measurementFamily + statisticRole (mesma grandeza, papéis mean/worst/error)",0.974359,0.985761,True,True,False,owl_measurement_family_role,0.032625683940717,conventional_engineering_replicable_by_names
onto_perimeter_worst_minus_mean,relational,difference,2,perimeter_worst;perimeter_mean,"measurementFamily + statisticRole (mesma grandeza, papéis mean/worst/error)",1.0,1.0,False,True,False,owl_measurement_family_role,11.605076588811835,conventional_engineering_replicable_by_names
onto_perimeter_relative_worst_delta,relational,relative_delta,2,perimeter_worst;perimeter_mean,"measurementFamily + statisticRole (mesma grandeza, papéis mean/worst/error)",0.946318,0.979953,True,True,False,owl_measurement_family_role,0.08527727279313706,conventional_engineering_replicable_by_names
onto_perimeter_family_contrast,relational,contrast,2,perimeter_worst;perimeter_mean,"measurementFamily + statisticRole (mesma grandeza, papéis mean/worst/error)",0.93263,0.97777,True,True,False,owl_measurement_family_role,0.034819951366865526,conventional_engineering_replicable_by_names
onto_perimeter_normalized_error,relational,normalized_error,3,perimeter_se;perimeter_mean;perimeter_worst,"measurementFamily + statisticRole (mesma grandeza, papéis mean/worst/error)",0.890311,0.970737,True,True,False,owl_measurement_family_role,0.006301888201763564,conventional_engineering_replicable_by_names
onto_perimeter_error_ratio,relational,ratio,2,perimeter_se;perimeter_mean,"measurementFamily + statisticRole (mesma grandeza, papéis mean/worst/error)",0.897729,0.973469,True,True,False,owl_measurement_family_role,0.014134354028530997,conventional_engineering_replicable_by_names
onto_radius_worst_minus_mean,relational,difference,2,radius_worst;radius_mean,"measurementFamily + statisticRole (mesma grandeza, papéis mean/worst/error)",1.0,1.0,False,True,False,owl_measurement_family_role,1.6573501337628644,conventional_engineering_replicable_by_names
onto_radius_relative_worst_delta,relational,relative_delta,2,radius_worst;radius_mean,"measurementFamily + statisticRole (mesma grandeza, papéis mean/worst/error)",0.953631,0.987043,True,True,False,owl_measurement_family_role,0.08118766951612175,conventional_engineering_replicable_by_names
onto_radius_family_contrast,relational,contrast,2,radius_worst;radius_mean,"measurementFamily + statisticRole (mesma grandeza, papéis mean/worst/error)",0.941334,0.986714,True,True,False,owl_measurement_family_role,0.033593161308683554,conventional_engineering_replicable_by_names
onto_radius_normalized_error,relational,normalized_error,3,radius_se;radius_mean;radius_worst,"measurementFamily + statisticRole (mesma grandeza, papéis mean/worst/error)",0.902275,0.978391,True,True,False,owl_measurement_family_role,0.0059852559138671765,conventional_engineering_replicable_by_names
onto_radius_error_ratio,relational,ratio,2,radius_se;radius_mean,"measurementFamily + statisticRole (mesma grandeza, papéis mean/worst/error)",0.909407,0.979723,True,True,False,owl_measurement_family_role,0.013349715532284869,conventional_engineering_replicable_by_names
onto_smoothness_worst_minus_mean,relational,difference,2,smoothness_worst;smoothness_mean,"measurementFamily + statisticRole (mesma grandeza, papéis mean/worst/error)",1.0,1.0,False,True,False,owl_measurement_family_role,0.01419704714343173,conventional_engineering_replicable_by_names
onto_smoothness_relative_worst_delta,relational,relative_delta,2,smoothness_worst;smoothness_mean,"measurementFamily + statisticRole (mesma grandeza, papéis mean/worst/error)",0.976205,0.979007,True,True,False,owl_measurement_family_role,0.13855022718706442,conventional_engineering_replicable_by_names
onto_smoothness_family_contrast,relational,contrast,2,smoothness_worst;smoothness_mean,"measurementFamily + statisticRole (mesma grandeza, papéis mean/worst/error)",0.972065,0.977324,True,True,False,owl_measurement_family_role,0.0484669853758574,conventional_engineering_replicable_by_names
onto_smoothness_normalized_error,relational,normalized_error,3,smoothness_se;smoothness_mean;smoothness_worst,"measurementFamily + statisticRole (mesma grandeza, papéis mean/worst/error)",0.977812,0.981544,True,True,False,owl_measurement_family_role,0.012240722014486548,conventional_engineering_replicable_by_names
onto_smoothness_error_ratio,relational,ratio,2,smoothness_se;smoothness_mean,"measurementFamily + statisticRole (mesma grandeza, papéis mean/worst/error)",0.978328,0.983074,True,True,False,owl_measurement_family_role,0.028858324522547572,conventional_engineering_replicable_by_names
onto_symmetry_worst_minus_mean,relational,difference,2,symmetry_worst;symmetry_mean,"measurementFamily + statisticRole (mesma grandeza, papéis mean/worst/error)",1.0,1.0,False,True,False,owl_measurement_family_role,0.046918744648912186,conventional_engineering_replicable_by_names
onto_symmetry_relative_worst_delta,relational,relative_delta,2,symmetry_worst;symmetry_mean,"measurementFamily + statisticRole (mesma grandeza, papéis mean/worst/error)",0.971213,0.975648,True,True,False,owl_measurement_family_role,0.22697262775581636,conventional_engineering_replicable_by_names
onto_symmetry_family_contrast,relational,contrast,2,symmetry_worst;symmetry_mean,"measurementFamily + statisticRole (mesma grandeza, papéis mean/worst/error)",0.946675,0.960856,True,True,False,owl_measurement_family_role,0.06549833618331667,conventional_engineering_replicable_by_names
onto_symmetry_normalized_error,relational,normalized_error,3,symmetry_se;symmetry_mean;symmetry_worst,"measurementFamily + statisticRole (mesma grandeza, papéis mean/worst/error)",0.948125,0.960131,True,True,False,owl_measurement_family_role,0.015669617824175388,conventional_engineering_replicable_by_names
onto_symmetry_error_ratio,relational,ratio,2,symmetry_se;symmetry_mean,"measurementFamily + statisticRole (mesma grandeza, papéis mean/worst/error)",0.967211,0.973606,True,True,False,owl_measurement_family_role,0.0388182754413831,conventional_engineering_replicable_by_names
onto_texture_worst_minus_mean,relational,difference,2,texture_worst;texture_mean,"measurementFamily + statisticRole (mesma grandeza, papéis mean/worst/error)",1.0,1.0,False,True,False,owl_measurement_family_role,2.8356547531156604,conventional_engineering_replicable_by_names
onto_texture_relative_worst_delta,relational,relative_delta,2,texture_worst;texture_mean,"measurementFamily + statisticRole (mesma grandeza, papéis mean/worst/error)",0.954727,0.957575,True,True,False,owl_measurement_family_role,0.13079623631900267,conventional_engineering_replicable_by_names
onto_texture_family_contrast,relational,contrast,2,texture_worst;texture_mean,"measurementFamily + statisticRole (mesma grandeza, papéis mean/worst/error)",0.953013,0.957923,True,True,False,owl_measurement_family_role,0.04685951142244849,conventional_engineering_replicable_by_names
onto_texture_normalized_error,relational,normalized_error,3,texture_se;texture_mean;texture_worst,"measurementFamily + statisticRole (mesma grandeza, papéis mean/worst/error)",0.946296,0.955292,True,True,False,owl_measurement_family_role,0.011637964824281186,conventional_engineering_replicable_by_names
onto_texture_error_ratio,relational,ratio,2,texture_se;texture_mean,"measurementFamily + statisticRole (mesma grandeza, papéis mean/worst/error)",0.950108,0.957617,True,True,False,owl_measurement_family_role,0.026832229155054784,conventional_engineering_replicable_by_names
