accuracy,balanced_accuracy,dataset,depth,fidelity_active_oracle,fidelity_same_original_mlp,leaves,macro_f1,model,repeat,split_hash,test_role
0.9370629370629371,0.930607966457023,breast_cancer,6,0.916083916083916,0.916083916083916,10,0.9322809786898185,C4.5-Nativo,0,57bfb5ca7277be44a2864b9dfba75b51760de4692cacf8255a663ef1c5a8cd31,locked_final_test_once
0.8741258741258742,0.8418238993710692,breast_cancer,5,0.9370629370629371,0.9370629370629371,9,0.8573803191489362,TREPAN Original,0,57bfb5ca7277be44a2864b9dfba75b51760de4692cacf8255a663ef1c5a8cd31,locked_final_test_once
0.8741258741258742,0.84958071278826,breast_cancer,5,0.8951048951048951,0.9230769230769231,14,0.8602909248805906,TREPAN Reloaded,0,57bfb5ca7277be44a2864b9dfba75b51760de4692cacf8255a663ef1c5a8cd31,locked_final_test_once
0.965034965034965,0.9644654088050315,breast_cancer,7,0.951048951048951,0.951048951048951,12,0.9626690335717643,C4.5-Nativo,1,3cdfb5b27de18a75167bb24b895d87785e3971502452170ee6fb8c2a28fca69f,locked_final_test_once
0.9300699300699301,0.9211740041928722,breast_cancer,4,0.958041958041958,0.958041958041958,8,0.9244505494505495,TREPAN Original,1,3cdfb5b27de18a75167bb24b895d87785e3971502452170ee6fb8c2a28fca69f,locked_final_test_once
0.8951048951048951,0.8856394129979036,breast_cancer,8,0.9020979020979021,0.9370629370629371,29,0.8871349644830308,TREPAN Reloaded,1,3cdfb5b27de18a75167bb24b895d87785e3971502452170ee6fb8c2a28fca69f,locked_final_test_once
0.951048951048951,0.9572327044025157,breast_cancer,6,0.9440559440559441,0.9440559440559441,9,0.9484684684684684,C4.5-Nativo,2,e2505ce6d7e658012ad03bf83be7711b8e318de2a3fcf234c2437c498b0a4efe,locked_final_test_once
0.9090909090909091,0.9122641509433962,breast_cancer,5,0.916083916083916,0.916083916083916,8,0.9042985842985842,TREPAN Original,2,e2505ce6d7e658012ad03bf83be7711b8e318de2a3fcf234c2437c498b0a4efe,locked_final_test_once
0.958041958041958,0.9627882599580713,breast_cancer,5,0.972027972027972,0.951048951048951,15,0.9556818181818182,TREPAN Reloaded,2,e2505ce6d7e658012ad03bf83be7711b8e318de2a3fcf234c2437c498b0a4efe,locked_final_test_once
0.6756756756756757,0.6762987012987013,diabetes_progression,9,0.7387387387387387,0.7387387387387387,32,0.674380704041721,C4.5-Nativo,0,88e9bfcbd042145e973677d697c49bee19b66af1e47ed9b4d4c391238818f90f,locked_final_test_once
0.6756756756756757,0.6756493506493506,diabetes_progression,6,0.918918918918919,0.918918918918919,18,0.6756493506493506,TREPAN Original,0,88e9bfcbd042145e973677d697c49bee19b66af1e47ed9b4d4c391238818f90f,locked_final_test_once
0.6666666666666666,0.6660714285714285,diabetes_progression,5,0.8828828828828829,0.8558558558558559,24,0.6649261646406135,TREPAN Reloaded,0,88e9bfcbd042145e973677d697c49bee19b66af1e47ed9b4d4c391238818f90f,locked_final_test_once
0.6216216216216216,0.6232142857142857,diabetes_progression,9,0.7117117117117117,0.7117117117117117,24,0.6102006688963211,C4.5-Nativo,1,cf343ff3edc74e8c056db86d24f75c40be1afe30604bc8c0e8612ad8bc114a27,locked_final_test_once
0.7567567567567568,0.7568181818181818,diabetes_progression,6,0.8828828828828829,0.8828828828828829,14,0.7567567567567568,TREPAN Original,1,cf343ff3edc74e8c056db86d24f75c40be1afe30604bc8c0e8612ad8bc114a27,locked_final_test_once
0.6936936936936937,0.6939935064935066,diabetes_progression,9,0.8828828828828829,0.8378378378378378,86,0.6934697855750487,TREPAN Reloaded,1,cf343ff3edc74e8c056db86d24f75c40be1afe30604bc8c0e8612ad8bc114a27,locked_final_test_once
0.7207207207207207,0.7214285714285715,diabetes_progression,13,0.7837837837837838,0.7837837837837838,38,0.7192624622664601,C4.5-Nativo,2,f4417a9c8977fc17abf06796d513ca23f17e9d54388a8454ac3602b6d98df6e9,locked_final_test_once
0.8018018018018018,0.8021103896103896,diabetes_progression,6,0.8828828828828829,0.8828828828828829,15,0.8016569200779726,TREPAN Original,2,f4417a9c8977fc17abf06796d513ca23f17e9d54388a8454ac3602b6d98df6e9,locked_final_test_once
0.7297297297297297,0.7301948051948053,diabetes_progression,5,0.8828828828828829,0.9009009009009009,28,0.7291802212101497,TREPAN Reloaded,2,f4417a9c8977fc17abf06796d513ca23f17e9d54388a8454ac3602b6d98df6e9,locked_final_test_once
0.82,0.82,digits,13,0.7666666666666667,0.7666666666666667,44,0.8197860326541868,C4.5-Nativo,0,108fda158d31cb16c8447a98231ef485d8a98e6ca03e1f446c18239b1cfdad9b,locked_final_test_once
0.7333333333333333,0.7333333333333333,digits,8,0.68,0.68,45,0.7342502592688618,TREPAN Original,0,108fda158d31cb16c8447a98231ef485d8a98e6ca03e1f446c18239b1cfdad9b,locked_final_test_once
0.7466666666666667,0.7466666666666667,digits,10,0.72,0.6733333333333333,220,0.7501429615227625,TREPAN Reloaded,0,108fda158d31cb16c8447a98231ef485d8a98e6ca03e1f446c18239b1cfdad9b,locked_final_test_once
0.84,0.8400000000000001,digits,10,0.7866666666666666,0.7866666666666666,40,0.8385013845483812,C4.5-Nativo,1,6925681d478ba710146324f551d9c1ef8e610c5f03fb682f9eef6232068d60f7,locked_final_test_once
0.7466666666666667,0.7466666666666667,digits,8,0.7266666666666667,0.7266666666666667,44,0.7425242219573723,TREPAN Original,1,6925681d478ba710146324f551d9c1ef8e610c5f03fb682f9eef6232068d60f7,locked_final_test_once
0.7933333333333333,0.7933333333333332,digits,10,0.7466666666666667,0.72,95,0.7918054512228595,TREPAN Reloaded,1,6925681d478ba710146324f551d9c1ef8e610c5f03fb682f9eef6232068d60f7,locked_final_test_once
0.82,0.82,digits,10,0.78,0.78,38,0.8202908662219006,C4.5-Nativo,2,565bd38106719cab06879ebfd7059afd1f80d8d0b56cb75fa13cdd8aec7184a6,locked_final_test_once
0.7666666666666667,0.7666666666666667,digits,8,0.7466666666666667,0.7466666666666667,43,0.7737236616200172,TREPAN Original,2,565bd38106719cab06879ebfd7059afd1f80d8d0b56cb75fa13cdd8aec7184a6,locked_final_test_once
0.7466666666666667,0.7466666666666667,digits,7,0.78,0.7933333333333333,65,0.7475641953728717,TREPAN Reloaded,2,565bd38106719cab06879ebfd7059afd1f80d8d0b56cb75fa13cdd8aec7184a6,locked_final_test_once
0.9736842105263158,0.9743589743589745,iris,2,0.868421052631579,0.868421052631579,3,0.974320987654321,C4.5-Nativo,0,1b194b8dd4a642b5a21179498e82cfbd14a65d32c31d7bcb6c2887d0881f676b,locked_final_test_once
1.0,1.0,iris,4,0.8947368421052632,0.8947368421052632,5,1.0,TREPAN Original,0,1b194b8dd4a642b5a21179498e82cfbd14a65d32c31d7bcb6c2887d0881f676b,locked_final_test_once
0.8947368421052632,0.8974358974358975,iris,5,0.9736842105263158,0.9473684210526315,13,0.8968253968253969,TREPAN Reloaded,0,1b194b8dd4a642b5a21179498e82cfbd14a65d32c31d7bcb6c2887d0881f676b,locked_final_test_once
0.9736842105263158,0.9743589743589745,iris,3,0.9210526315789473,0.9210526315789473,4,0.9733333333333333,C4.5-Nativo,1,4a7f9a1437dac11219d2b219449e78947f4c5e6aa756903ffe7c76ee97d2c5cb,locked_final_test_once
0.9210526315789473,0.9188034188034188,iris,4,0.9210526315789473,0.9210526315789473,6,0.9194847020933977,TREPAN Original,1,4a7f9a1437dac11219d2b219449e78947f4c5e6aa756903ffe7c76ee97d2c5cb,locked_final_test_once
0.9473684210526315,0.9487179487179488,iris,2,0.9736842105263158,0.8947368421052632,3,0.9465811965811964,TREPAN Reloaded,1,4a7f9a1437dac11219d2b219449e78947f4c5e6aa756903ffe7c76ee97d2c5cb,locked_final_test_once
0.9473684210526315,0.9465811965811964,iris,3,0.9210526315789473,0.9210526315789473,4,0.9465811965811964,C4.5-Nativo,2,c7ddeacaac6e0dd3024051ffade24ab74cd57d3962f05b86a726e96d597caf60,locked_final_test_once
0.9210526315789473,0.9209401709401709,iris,4,0.9473684210526315,0.9473684210526315,6,0.9199999999999999,TREPAN Original,2,c7ddeacaac6e0dd3024051ffade24ab74cd57d3962f05b86a726e96d597caf60,locked_final_test_once
0.9473684210526315,0.9465811965811964,iris,5,0.9210526315789473,0.9210526315789473,12,0.9465811965811964,TREPAN Reloaded,2,c7ddeacaac6e0dd3024051ffade24ab74cd57d3962f05b86a726e96d597caf60,locked_final_test_once
0.9333333333333333,0.937037037037037,wine,3,0.9111111111111111,0.9111111111111111,6,0.9384902143522833,C4.5-Nativo,0,c9b3404c8306ab21c961562697ae4236cb9a12d75375159599144f81432854fb,locked_final_test_once
0.8666666666666667,0.8537037037037036,wine,4,0.8444444444444444,0.8444444444444444,7,0.8678981937602628,TREPAN Original,0,c9b3404c8306ab21c961562697ae4236cb9a12d75375159599144f81432854fb,locked_final_test_once
0.9333333333333333,0.9314814814814815,wine,5,0.8666666666666667,0.9111111111111111,14,0.9362579971275625,TREPAN Reloaded,0,c9b3404c8306ab21c961562697ae4236cb9a12d75375159599144f81432854fb,locked_final_test_once
0.9333333333333333,0.9351851851851851,wine,3,0.9555555555555556,0.9555555555555556,5,0.9328981054787505,C4.5-Nativo,1,febe0245b10f0bbe99c1de5b33101608a7ee65231bb454b19f9402f3f17cc0ae,locked_final_test_once
0.9555555555555556,0.9629629629629629,wine,3,0.9777777777777777,0.9777777777777777,6,0.9563061353573689,TREPAN Original,1,febe0245b10f0bbe99c1de5b33101608a7ee65231bb454b19f9402f3f17cc0ae,locked_final_test_once
0.9555555555555556,0.9537037037037037,wine,5,0.9333333333333333,0.9777777777777777,10,0.9537037037037037,TREPAN Reloaded,1,febe0245b10f0bbe99c1de5b33101608a7ee65231bb454b19f9402f3f17cc0ae,locked_final_test_once
0.9555555555555556,0.9592592592592593,wine,3,0.9777777777777777,0.9777777777777777,5,0.9566538952745849,C4.5-Nativo,2,3e23798c78934a24f46a645f7ca7c76a54c6cc3488832ef6a466c45245433e53,locked_final_test_once
0.9333333333333333,0.9314814814814815,wine,4,0.9111111111111111,0.9111111111111111,8,0.9299872286079182,TREPAN Original,2,3e23798c78934a24f46a645f7ca7c76a54c6cc3488832ef6a466c45245433e53,locked_final_test_once
0.9111111111111111,0.9037037037037038,wine,5,0.8444444444444444,0.9333333333333333,15,0.909939766958626,TREPAN Reloaded,2,3e23798c78934a24f46a645f7ca7c76a54c6cc3488832ef6a466c45245433e53,locked_final_test_once
