dataset,arm,oracle_name,metric,n,mean,std,median,min,max,ci_low,ci_high,ci_method
synthetic_3class,mlp_original,n/a,accuracy_real_labels,6,0.8897435897435898,0.03428618389835237,0.8846153846153846,0.8615384615384616,0.9538461538461539,0.8692307692307694,0.9179487179487179,percentile bootstrap of the mean (2000)
synthetic_3class,mlp_original,n/a,balanced_accuracy_real_labels,6,0.8896103896103896,0.03464706263648766,0.8838383838383838,0.8607503607503607,0.9545454545454546,0.8686868686868686,0.918109668109668,percentile bootstrap of the mean (2000)
synthetic_3class,mlp_original,n/a,precision_macro_real_labels,6,0.8937164459971477,0.03375151894086576,0.8909442798916484,0.8614718614718614,0.9538239538239539,0.8721061070183876,0.9206663438900282,percentile bootstrap of the mean (2000)
synthetic_3class,mlp_original,n/a,recall_macro_real_labels,6,0.8896103896103896,0.03464706263648766,0.8838383838383838,0.8607503607503607,0.9545454545454546,0.8686868686868686,0.918109668109668,percentile bootstrap of the mean (2000)
synthetic_3class,mlp_original,n/a,macro_f1_real_labels,6,0.8898887778412709,0.034353967725309846,0.8847295528665533,0.8610671936758894,0.9538407329105003,0.8691063150913146,0.9180510258965442,percentile bootstrap of the mean (2000)
synthetic_3class,mlp_original,n/a,weighted_f1_real_labels,6,0.889707326177514,0.03423314408815113,0.884674955398679,0.8611806797853311,0.9534883720930232,0.8690310311259967,0.9177754975500855,percentile bootstrap of the mean (2000)
synthetic_3class,mlp_original,n/a,minority_recall_real_labels,6,0.8809523809523808,0.07221786137191953,0.8809523809523809,0.8095238095238095,1.0,0.8333333333333331,0.9365079365079364,percentile bootstrap of the mean (2000)
synthetic_3class,mlp_original,n/a,mlp_training_time,6,0.04966727616670141,0.02141831510641076,0.04049023100003524,0.03756922800016582,0.09294304300010481,0.03929100300005454,0.06752560050002406,percentile bootstrap of the mean (2000)
synthetic_3class,mlp_original,n/a,semantic_processing_time,6,0.0,0.0,0.0,0.0,0.0,0.0,0.0,percentile bootstrap of the mean (2000)
synthetic_3class,mlp_original,n/a,reasoner_time,6,0.0,0.0,0.0,0.0,0.0,0.0,0.0,percentile bootstrap of the mean (2000)
synthetic_3class,mlp_ontological,n/a,accuracy_real_labels,6,0.8948717948717949,0.036944438265287954,0.8769230769230769,0.8769230769230769,0.9692307692307692,0.876923076923077,0.9256410256410256,percentile bootstrap of the mean (2000)
synthetic_3class,mlp_ontological,n/a,balanced_accuracy_real_labels,6,0.8946608946608947,0.03732607121530196,0.876984126984127,0.8759018759018758,0.9696969696969697,0.8762626262626263,0.9255651755651756,percentile bootstrap of the mean (2000)
synthetic_3class,mlp_ontological,n/a,precision_macro_real_labels,6,0.9013666250126967,0.0343468191266442,0.8917573167573167,0.8771566597653554,0.9703557312252965,0.8835694329401423,0.9301689686701128,percentile bootstrap of the mean (2000)
synthetic_3class,mlp_ontological,n/a,recall_macro_real_labels,6,0.8946608946608947,0.03732607121530196,0.876984126984127,0.8759018759018758,0.9696969696969697,0.8762626262626263,0.9255651755651756,percentile bootstrap of the mean (2000)
synthetic_3class,mlp_ontological,n/a,macro_f1_real_labels,6,0.8952732447071492,0.03660275474750651,0.8784767863715233,0.8765873015873016,0.9689676387350806,0.8774204087511156,0.9256556248804312,percentile bootstrap of the mean (2000)
synthetic_3class,mlp_ontological,n/a,weighted_f1_real_labels,6,0.8951822466416196,0.03658019564495102,0.8784031083626225,0.8761749878028948,0.9688479995456738,0.8773283578586516,0.9256332348732075,percentile bootstrap of the mean (2000)
synthetic_3class,mlp_ontological,n/a,minority_recall_real_labels,6,0.8809523809523809,0.08384198505551907,0.8571428571428572,0.8095238095238095,1.0,0.8253968253968252,0.9444444444444443,percentile bootstrap of the mean (2000)
synthetic_3class,mlp_ontological,n/a,mlp_training_time,6,0.0452874588333619,0.017396087814842646,0.04083358499997303,0.02335403900019628,0.06677205500000127,0.03313823266671534,0.057781291666666824,percentile bootstrap of the mean (2000)
synthetic_3class,mlp_ontological,n/a,semantic_processing_time,6,0.050650631333345096,0.004551359882086428,0.04840210250006294,0.04646333400000913,0.0567195339999671,0.047533413166661376,0.05377290933339888,percentile bootstrap of the mean (2000)
synthetic_3class,mlp_ontological,n/a,reasoner_time,6,0.5086064528333433,0.016017342416273943,0.5047726210000292,0.4951853550001033,0.5372720789998766,0.4987700606667431,0.5219196481666207,percentile bootstrap of the mean (2000)
synthetic_3class,c45,n/a,accuracy_real_labels,6,0.8230769230769229,0.06931618662196191,0.7923076923076924,0.7692307692307693,0.9538461538461539,0.782051282051282,0.8794871794871795,percentile bootstrap of the mean (2000)
synthetic_3class,c45,n/a,balanced_accuracy_real_labels,6,0.8229918229918228,0.06941371920754581,0.7932900432900432,0.7691197691197691,0.9545454545454546,0.7821067821067821,0.8796296296296298,percentile bootstrap of the mean (2000)
synthetic_3class,c45,n/a,precision_macro_real_labels,6,0.8354101091706632,0.06618682446871646,0.8154926730357765,0.7742914979757085,0.9565217391304347,0.7955893813788552,0.8882385316868223,percentile bootstrap of the mean (2000)
synthetic_3class,c45,n/a,recall_macro_real_labels,6,0.8229918229918228,0.06941371920754581,0.7932900432900432,0.7691197691197691,0.9545454545454546,0.7821067821067821,0.8796296296296298,percentile bootstrap of the mean (2000)
synthetic_3class,c45,n/a,macro_f1_real_labels,6,0.822106362607868,0.06890954816982844,0.7918325595480178,0.7686507936507936,0.9530508335386384,0.7819385146729327,0.8786833937854852,percentile bootstrap of the mean (2000)
synthetic_3class,c45,n/a,weighted_f1_real_labels,6,0.8219439346630022,0.06908566555603506,0.7913375211323228,0.7681684981684982,0.9530278393693027,0.781595835240068,0.8786942493798512,percentile bootstrap of the mean (2000)
synthetic_3class,c45,n/a,minority_recall_real_labels,6,0.8174603174603176,0.11031460542154954,0.8095238095238095,0.7142857142857143,1.0,0.746031746031746,0.9047619047619047,percentile bootstrap of the mean (2000)
synthetic_3class,c45,n/a,node_count,6,31.0,2.1908902300206643,31.0,29.0,35.0,29.666666666666668,32.666666666666664,percentile bootstrap of the mean (2000)
synthetic_3class,c45,n/a,internal_nodes,6,15.0,1.0954451150103321,15.0,14.0,17.0,14.333333333333334,15.833333333333334,percentile bootstrap of the mean (2000)
synthetic_3class,c45,n/a,leaf_count,6,16.0,1.0954451150103321,16.0,15.0,18.0,15.333333333333334,16.833333333333332,percentile bootstrap of the mean (2000)
synthetic_3class,c45,n/a,depth,6,7.0,1.2649110640673518,6.5,6.0,9.0,6.166666666666667,8.0,percentile bootstrap of the mean (2000)
synthetic_3class,c45,n/a,average_leaf_depth,6,4.705324074074074,0.30904374698647485,4.586805555555555,4.4,5.25,4.5115740740740735,4.958333333333333,percentile bootstrap of the mean (2000)
synthetic_3class,c45,n/a,average_rule_length,6,4.705324074074074,0.30904374698647485,4.586805555555555,4.4,5.25,4.5115740740740735,4.958333333333333,percentile bootstrap of the mean (2000)
synthetic_3class,c45,n/a,features_used,6,8.833333333333334,0.9831920802501751,8.5,8.0,10.0,8.166666666666666,9.5,percentile bootstrap of the mean (2000)
synthetic_3class,c45,n/a,m_of_n_count,6,0.0,0.0,0.0,0.0,0.0,0.0,0.0,percentile bootstrap of the mean (2000)
synthetic_3class,c45,n/a,semantic_split_count,6,0.0,0.0,0.0,0.0,0.0,0.0,0.0,percentile bootstrap of the mean (2000)
synthetic_3class,c45,n/a,tree_training_time,6,0.19632173083330903,0.0077683817701256494,0.19396364749991335,0.18925238599990735,0.21030850300007842,0.19147187316661984,0.20240589583337018,percentile bootstrap of the mean (2000)
synthetic_3class,c45,n/a,semantic_processing_time,6,0.0,0.0,0.0,0.0,0.0,0.0,0.0,percentile bootstrap of the mean (2000)
synthetic_3class,c45,n/a,reasoner_time,6,0.0,0.0,0.0,0.0,0.0,0.0,0.0,percentile bootstrap of the mean (2000)
synthetic_3class,trepan_original,MLP Original,accuracy_real_labels,6,0.7999999999999999,0.04865042554105199,0.823076923076923,0.7076923076923077,0.8307692307692308,0.758974358974359,0.8282051282051283,percentile bootstrap of the mean (2000)
synthetic_3class,trepan_original,MLP Original,balanced_accuracy_real_labels,6,0.8007455507455506,0.04834252255594069,0.8221500721500721,0.7092352092352092,0.8326118326118325,0.7602212602212601,0.8291245791245792,percentile bootstrap of the mean (2000)
synthetic_3class,trepan_original,MLP Original,precision_macro_real_labels,6,0.8059198464510419,0.049241345191069985,0.8255957455445946,0.7111111111111111,0.8430555555555556,0.7655569855218193,0.833668672783123,percentile bootstrap of the mean (2000)
synthetic_3class,trepan_original,MLP Original,recall_macro_real_labels,6,0.8007455507455506,0.04834252255594069,0.8221500721500721,0.7092352092352092,0.8326118326118325,0.7602212602212601,0.8291245791245792,percentile bootstrap of the mean (2000)
synthetic_3class,trepan_original,MLP Original,macro_f1_real_labels,6,0.7970076064985975,0.05158865760296829,0.8209438953535549,0.6998941587285713,0.8314229249011857,0.7538827640719165,0.8276003575698582,percentile bootstrap of the mean (2000)
synthetic_3class,trepan_original,MLP Original,weighted_f1_real_labels,6,0.7965583382768443,0.05159424973458995,0.820811963731288,0.6992905237123553,0.8311371237458194,0.7535402809844117,0.8271304117309634,percentile bootstrap of the mean (2000)
synthetic_3class,trepan_original,MLP Original,minority_recall_real_labels,6,0.8492063492063492,0.09241858176514052,0.8333333333333333,0.7142857142857143,0.9523809523809523,0.7857142857142857,0.9126984126984127,percentile bootstrap of the mean (2000)
synthetic_3class,trepan_original,MLP Original,fidelity_to_oracle,6,0.7999999999999999,0.0591857971128349,0.8076923076923077,0.7076923076923077,0.8769230769230769,0.7538461538461539,0.8435897435897436,percentile bootstrap of the mean (2000)
synthetic_3class,trepan_original,MLP Original,node_count,6,13.666666666666666,2.422120283277993,15.0,9.0,15.0,11.666666666666666,15.0,percentile bootstrap of the mean (2000)
synthetic_3class,trepan_original,MLP Original,internal_nodes,6,6.333333333333333,1.2110601416389966,7.0,4.0,7.0,5.333333333333333,7.0,percentile bootstrap of the mean (2000)
synthetic_3class,trepan_original,MLP Original,leaf_count,6,7.333333333333333,1.2110601416389966,8.0,5.0,8.0,6.333333333333333,8.0,percentile bootstrap of the mean (2000)
synthetic_3class,trepan_original,MLP Original,depth,6,4.333333333333333,0.816496580927726,4.5,3.0,5.0,3.6666666666666665,4.833333333333333,percentile bootstrap of the mean (2000)
synthetic_3class,trepan_original,MLP Original,average_leaf_depth,6,3.230952380952381,0.3490268297583388,3.330357142857143,2.6,3.625,2.972619047619047,3.4583333333333335,percentile bootstrap of the mean (2000)
synthetic_3class,trepan_original,MLP Original,average_rule_length,6,3.230952380952381,0.3490268297583388,3.330357142857143,2.6,3.625,2.972619047619047,3.4583333333333335,percentile bootstrap of the mean (2000)
synthetic_3class,trepan_original,MLP Original,features_used,6,7.666666666666667,1.0327955589886444,8.0,6.0,9.0,6.833333333333333,8.333333333333334,percentile bootstrap of the mean (2000)
synthetic_3class,trepan_original,MLP Original,m_of_n_count,6,5.0,0.8944271909999159,5.0,4.0,6.0,4.333333333333333,5.666666666666667,percentile bootstrap of the mean (2000)
synthetic_3class,trepan_original,MLP Original,semantic_split_count,6,0.0,0.0,0.0,0.0,0.0,0.0,0.0,percentile bootstrap of the mean (2000)
synthetic_3class,trepan_original,MLP Original,semantic_decision_changed_count,6,0.0,0.0,0.0,0.0,0.0,0.0,0.0,percentile bootstrap of the mean (2000)
synthetic_3class,trepan_original,MLP Original,membership_queries,6,2231.3333333333335,32.98888701770138,2232.0,2194.0,2286.0,2209.6666666666665,2256.0,percentile bootstrap of the mean (2000)
synthetic_3class,trepan_original,MLP Original,tree_training_time,6,0.681497583333415,0.06675655642883982,0.6653580639999745,0.6087112730001536,0.7946852140000829,0.6386224386667815,0.7320499007376137,percentile bootstrap of the mean (2000)
synthetic_3class,trepan_original,MLP Original,query_time,6,0.031964697000072796,0.0028304137946384422,0.031946767500016904,0.028902676999905452,0.036945437999975184,0.03016032466670519,0.034078065166719775,percentile bootstrap of the mean (2000)
synthetic_3class,trepan_original,MLP Original,semantic_processing_time,6,0.0,0.0,0.0,0.0,0.0,0.0,0.0,percentile bootstrap of the mean (2000)
synthetic_3class,trepan_original,MLP Original,reasoner_time,6,0.0,0.0,0.0,0.0,0.0,0.0,0.0,percentile bootstrap of the mean (2000)
synthetic_3class,reloaded_lambda0,MLP Original,accuracy_real_labels,6,0.7999999999999999,0.04865042554105199,0.823076923076923,0.7076923076923077,0.8307692307692308,0.758974358974359,0.8282051282051283,percentile bootstrap of the mean (2000)
synthetic_3class,reloaded_lambda0,MLP Original,balanced_accuracy_real_labels,6,0.8007455507455506,0.04834252255594069,0.8221500721500721,0.7092352092352092,0.8326118326118325,0.7602212602212601,0.8291245791245792,percentile bootstrap of the mean (2000)
synthetic_3class,reloaded_lambda0,MLP Original,precision_macro_real_labels,6,0.8059198464510419,0.049241345191069985,0.8255957455445946,0.7111111111111111,0.8430555555555556,0.7655569855218193,0.833668672783123,percentile bootstrap of the mean (2000)
synthetic_3class,reloaded_lambda0,MLP Original,recall_macro_real_labels,6,0.8007455507455506,0.04834252255594069,0.8221500721500721,0.7092352092352092,0.8326118326118325,0.7602212602212601,0.8291245791245792,percentile bootstrap of the mean (2000)
synthetic_3class,reloaded_lambda0,MLP Original,macro_f1_real_labels,6,0.7970076064985975,0.05158865760296829,0.8209438953535549,0.6998941587285713,0.8314229249011857,0.7538827640719165,0.8276003575698582,percentile bootstrap of the mean (2000)
synthetic_3class,reloaded_lambda0,MLP Original,weighted_f1_real_labels,6,0.7965583382768443,0.05159424973458995,0.820811963731288,0.6992905237123553,0.8311371237458194,0.7535402809844117,0.8271304117309634,percentile bootstrap of the mean (2000)
synthetic_3class,reloaded_lambda0,MLP Original,minority_recall_real_labels,6,0.8492063492063492,0.09241858176514052,0.8333333333333333,0.7142857142857143,0.9523809523809523,0.7857142857142857,0.9126984126984127,percentile bootstrap of the mean (2000)
synthetic_3class,reloaded_lambda0,MLP Original,fidelity_to_oracle,6,0.7999999999999999,0.0591857971128349,0.8076923076923077,0.7076923076923077,0.8769230769230769,0.7538461538461539,0.8435897435897436,percentile bootstrap of the mean (2000)
synthetic_3class,reloaded_lambda0,MLP Original,node_count,6,13.666666666666666,2.422120283277993,15.0,9.0,15.0,11.666666666666666,15.0,percentile bootstrap of the mean (2000)
synthetic_3class,reloaded_lambda0,MLP Original,internal_nodes,6,6.333333333333333,1.2110601416389966,7.0,4.0,7.0,5.333333333333333,7.0,percentile bootstrap of the mean (2000)
synthetic_3class,reloaded_lambda0,MLP Original,leaf_count,6,7.333333333333333,1.2110601416389966,8.0,5.0,8.0,6.333333333333333,8.0,percentile bootstrap of the mean (2000)
synthetic_3class,reloaded_lambda0,MLP Original,depth,6,4.333333333333333,0.816496580927726,4.5,3.0,5.0,3.6666666666666665,4.833333333333333,percentile bootstrap of the mean (2000)
synthetic_3class,reloaded_lambda0,MLP Original,average_leaf_depth,6,3.230952380952381,0.3490268297583388,3.330357142857143,2.6,3.625,2.972619047619047,3.4583333333333335,percentile bootstrap of the mean (2000)
synthetic_3class,reloaded_lambda0,MLP Original,average_rule_length,6,3.230952380952381,0.3490268297583388,3.330357142857143,2.6,3.625,2.972619047619047,3.4583333333333335,percentile bootstrap of the mean (2000)
synthetic_3class,reloaded_lambda0,MLP Original,features_used,6,7.666666666666667,1.0327955589886444,8.0,6.0,9.0,6.833333333333333,8.333333333333334,percentile bootstrap of the mean (2000)
synthetic_3class,reloaded_lambda0,MLP Original,m_of_n_count,6,5.0,0.8944271909999159,5.0,4.0,6.0,4.333333333333333,5.666666666666667,percentile bootstrap of the mean (2000)
synthetic_3class,reloaded_lambda0,MLP Original,semantic_split_count,6,0.0,0.0,0.0,0.0,0.0,0.0,0.0,percentile bootstrap of the mean (2000)
synthetic_3class,reloaded_lambda0,MLP Original,semantic_decision_changed_count,6,0.0,0.0,0.0,0.0,0.0,0.0,0.0,percentile bootstrap of the mean (2000)
synthetic_3class,reloaded_lambda0,MLP Original,membership_queries,6,2231.3333333333335,32.98888701770138,2232.0,2194.0,2286.0,2209.6666666666665,2256.0,percentile bootstrap of the mean (2000)
synthetic_3class,reloaded_lambda0,MLP Original,tree_training_time,6,0.9556242488333737,0.16821314577434437,0.9271206135000511,0.7338850870000897,1.1972306360000857,0.8371004428334269,1.0812974766666532,percentile bootstrap of the mean (2000)
synthetic_3class,reloaded_lambda0,MLP Original,query_time,6,0.052057145499967795,0.007252091697614797,0.04968070600000374,0.04562620199999401,0.06527361600001313,0.047665663333267126,0.0578157203332997,percentile bootstrap of the mean (2000)
synthetic_3class,reloaded_lambda0,MLP Original,semantic_processing_time,6,0.0,0.0,0.0,0.0,0.0,0.0,0.0,percentile bootstrap of the mean (2000)
synthetic_3class,reloaded_lambda0,MLP Original,reasoner_time,6,0.0,0.0,0.0,0.0,0.0,0.0,0.0,percentile bootstrap of the mean (2000)
synthetic_3class,reloaded_semantic_score,MLP Original,accuracy_real_labels,6,0.7974358974358974,0.07500164363747949,0.7923076923076924,0.676923076923077,0.8769230769230769,0.7435897435897436,0.8487179487179487,percentile bootstrap of the mean (2000)
synthetic_3class,reloaded_semantic_score,MLP Original,balanced_accuracy_real_labels,6,0.7974987974987976,0.07513960371943981,0.7925685425685425,0.6774891774891775,0.8780663780663781,0.7431457431457432,0.8490860990860991,percentile bootstrap of the mean (2000)
synthetic_3class,reloaded_semantic_score,MLP Original,precision_macro_real_labels,6,0.8039350410994852,0.07349286328443604,0.7944148084308267,0.6836124401913874,0.8815037593984961,0.7514632104468765,0.8524548690566998,percentile bootstrap of the mean (2000)
synthetic_3class,reloaded_semantic_score,MLP Original,recall_macro_real_labels,6,0.7974987974987976,0.07513960371943981,0.7925685425685425,0.6774891774891775,0.8780663780663781,0.7431457431457432,0.8490860990860991,percentile bootstrap of the mean (2000)
synthetic_3class,reloaded_semantic_score,MLP Original,macro_f1_real_labels,6,0.7974459086816054,0.07467237740632118,0.7924855225664125,0.6782458733678246,0.8769421078673925,0.7436720925149595,0.8487618804793859,percentile bootstrap of the mean (2000)
synthetic_3class,reloaded_semantic_score,MLP Original,weighted_f1_real_labels,6,0.7973284248908246,0.07449311423867752,0.7922300550814201,0.6784240150093808,0.8766729205753596,0.7437110302284028,0.8484967822407107,percentile bootstrap of the mean (2000)
synthetic_3class,reloaded_semantic_score,MLP Original,minority_recall_real_labels,6,0.8015873015873015,0.10612390254251922,0.8095238095238095,0.6666666666666666,0.9523809523809523,0.7301587301587301,0.8809523809523809,percentile bootstrap of the mean (2000)
synthetic_3class,reloaded_semantic_score,MLP Original,fidelity_to_oracle,6,0.8153846153846153,0.053293871002119304,0.8153846153846154,0.7384615384615385,0.8923076923076924,0.7769230769230769,0.8538461538461539,percentile bootstrap of the mean (2000)
synthetic_3class,reloaded_semantic_score,MLP Original,node_count,6,12.666666666666666,2.6583202716502514,13.0,9.0,15.0,10.666666666666666,14.333333333333334,percentile bootstrap of the mean (2000)
synthetic_3class,reloaded_semantic_score,MLP Original,internal_nodes,6,5.833333333333333,1.3291601358251257,6.0,4.0,7.0,4.833333333333333,6.666666666666667,percentile bootstrap of the mean (2000)
synthetic_3class,reloaded_semantic_score,MLP Original,leaf_count,6,6.833333333333333,1.3291601358251257,7.0,5.0,8.0,5.833333333333333,7.666666666666667,percentile bootstrap of the mean (2000)
synthetic_3class,reloaded_semantic_score,MLP Original,depth,6,4.0,0.8944271909999159,4.0,3.0,5.0,3.3333333333333335,4.666666666666667,percentile bootstrap of the mean (2000)
synthetic_3class,reloaded_semantic_score,MLP Original,average_leaf_depth,6,3.0041666666666664,0.4363277947191131,3.041666666666667,2.4,3.5,2.6777777777777776,3.305555555555556,percentile bootstrap of the mean (2000)
synthetic_3class,reloaded_semantic_score,MLP Original,average_rule_length,6,3.0041666666666664,0.4363277947191131,3.041666666666667,2.4,3.5,2.6777777777777776,3.305555555555556,percentile bootstrap of the mean (2000)
synthetic_3class,reloaded_semantic_score,MLP Original,features_used,6,8.666666666666666,1.2110601416389968,8.5,7.0,10.0,7.833333333333333,9.5,percentile bootstrap of the mean (2000)
synthetic_3class,reloaded_semantic_score,MLP Original,m_of_n_count,6,5.833333333333333,1.3291601358251257,6.0,4.0,7.0,4.833333333333333,6.666666666666667,percentile bootstrap of the mean (2000)
synthetic_3class,reloaded_semantic_score,MLP Original,semantic_split_count,6,5.833333333333333,1.3291601358251257,6.0,4.0,7.0,4.833333333333333,6.666666666666667,percentile bootstrap of the mean (2000)
synthetic_3class,reloaded_semantic_score,MLP Original,semantic_decision_changed_count,6,2.6666666666666665,1.0327955589886444,3.0,1.0,4.0,1.8333333333333333,3.3333333333333335,percentile bootstrap of the mean (2000)
synthetic_3class,reloaded_semantic_score,MLP Original,membership_queries,6,2224.8333333333335,21.921830823785378,2223.0,2202.0,2261.0,2210.1625,2242.3333333333335,percentile bootstrap of the mean (2000)
synthetic_3class,reloaded_semantic_score,MLP Original,tree_training_time,6,5.30672492616668,0.2340458588669355,5.3421821759999375,4.9002484610000465,5.5912992800001575,5.134436062499996,5.463018263833419,percentile bootstrap of the mean (2000)
synthetic_3class,reloaded_semantic_score,MLP Original,query_time,6,0.5282249489999155,0.02495013261680211,0.5250554819999707,0.5053279670000848,0.5580764529995577,0.5121163883335006,0.5457369166663663,percentile bootstrap of the mean (2000)
synthetic_3class,reloaded_semantic_score,MLP Original,semantic_processing_time,6,0.050650631333345096,0.004551359882086428,0.04840210250006294,0.04646333400000913,0.0567195339999671,0.047533413166661376,0.05377290933339888,percentile bootstrap of the mean (2000)
synthetic_3class,reloaded_semantic_score,MLP Original,reasoner_time,6,0.5086064528333433,0.016017342416273943,0.5047726210000292,0.4951853550001033,0.5372720789998766,0.4987700606667431,0.5219196481666207,percentile bootstrap of the mean (2000)
synthetic_3class,reloaded_owl_features,MLP Original,accuracy_real_labels,6,0.8102564102564102,0.04089723494846543,0.823076923076923,0.7538461538461538,0.8615384615384616,0.7794871794871795,0.8410256410256408,percentile bootstrap of the mean (2000)
synthetic_3class,reloaded_owl_features,MLP Original,balanced_accuracy_real_labels,6,0.8107263107263107,0.041503959263611785,0.8232323232323232,0.7546897546897546,0.862914862914863,0.7799362674362673,0.84127886002886,percentile bootstrap of the mean (2000)
synthetic_3class,reloaded_owl_features,MLP Original,precision_macro_real_labels,6,0.8164730989705017,0.04188710055263037,0.8311692567364075,0.7579949874686717,0.8634630053394355,0.7858194190922564,0.8457645186233402,percentile bootstrap of the mean (2000)
synthetic_3class,reloaded_owl_features,MLP Original,recall_macro_real_labels,6,0.8107263107263107,0.041503959263611785,0.8232323232323232,0.7546897546897546,0.862914862914863,0.7799362674362673,0.84127886002886,percentile bootstrap of the mean (2000)
synthetic_3class,reloaded_owl_features,MLP Original,macro_f1_real_labels,6,0.8081190825692063,0.0410672981090028,0.8179527526680574,0.7530888554588276,0.8609345487394268,0.7775970619253795,0.8377065618082201,percentile bootstrap of the mean (2000)
synthetic_3class,reloaded_owl_features,MLP Original,weighted_f1_real_labels,6,0.8078776373360238,0.04057720846987185,0.8172542713665341,0.7533036003923079,0.8601936816570963,0.7776562913923355,0.8369760892746291,percentile bootstrap of the mean (2000)
synthetic_3class,reloaded_owl_features,MLP Original,minority_recall_real_labels,6,0.8412698412698413,0.10718693978497862,0.8333333333333333,0.6666666666666666,0.9523809523809523,0.7619047619047619,0.9126984126984127,percentile bootstrap of the mean (2000)
synthetic_3class,reloaded_owl_features,MLP Original,fidelity_to_oracle,6,0.8102564102564102,0.058918591246543896,0.8076923076923077,0.7538461538461538,0.9076923076923077,0.7717948717948717,0.8564102564102565,percentile bootstrap of the mean (2000)
synthetic_3class,reloaded_owl_features,MLP Original,node_count,6,13.666666666666666,2.422120283277993,15.0,9.0,15.0,11.666666666666666,15.0,percentile bootstrap of the mean (2000)
synthetic_3class,reloaded_owl_features,MLP Original,internal_nodes,6,6.333333333333333,1.2110601416389966,7.0,4.0,7.0,5.333333333333333,7.0,percentile bootstrap of the mean (2000)
synthetic_3class,reloaded_owl_features,MLP Original,leaf_count,6,7.333333333333333,1.2110601416389966,8.0,5.0,8.0,6.333333333333333,8.0,percentile bootstrap of the mean (2000)
synthetic_3class,reloaded_owl_features,MLP Original,depth,6,4.166666666666667,0.752772652709081,4.0,3.0,5.0,3.6666666666666665,4.666666666666667,percentile bootstrap of the mean (2000)
synthetic_3class,reloaded_owl_features,MLP Original,average_leaf_depth,6,3.1892857142857145,0.34326612511732235,3.205357142857143,2.6,3.625,2.942857142857143,3.4166666666666665,percentile bootstrap of the mean (2000)
synthetic_3class,reloaded_owl_features,MLP Original,average_rule_length,6,3.1892857142857145,0.34326612511732235,3.205357142857143,2.6,3.625,2.942857142857143,3.4166666666666665,percentile bootstrap of the mean (2000)
synthetic_3class,reloaded_owl_features,MLP Original,features_used,6,8.0,1.4142135623730951,8.0,6.0,10.0,7.0,9.0,percentile bootstrap of the mean (2000)
synthetic_3class,reloaded_owl_features,MLP Original,m_of_n_count,6,5.0,0.8944271909999159,5.0,4.0,6.0,4.333333333333333,5.666666666666667,percentile bootstrap of the mean (2000)
synthetic_3class,reloaded_owl_features,MLP Original,semantic_split_count,6,0.0,0.0,0.0,0.0,0.0,0.0,0.0,percentile bootstrap of the mean (2000)
synthetic_3class,reloaded_owl_features,MLP Original,semantic_decision_changed_count,6,0.0,0.0,0.0,0.0,0.0,0.0,0.0,percentile bootstrap of the mean (2000)
synthetic_3class,reloaded_owl_features,MLP Original,membership_queries,6,2226.0,33.69272918598314,2216.0,2194.0,2286.0,2204.4958333333334,2251.8333333333335,percentile bootstrap of the mean (2000)
synthetic_3class,reloaded_owl_features,MLP Original,tree_training_time,6,1.6121925528332592,0.13912333600203494,1.6365057729999535,1.4378510890001053,1.7695374989998527,1.5072270788333526,1.7140002649998678,percentile bootstrap of the mean (2000)
synthetic_3class,reloaded_owl_features,MLP Original,query_time,6,0.03700771933332211,0.003909574578252102,0.03641726099988318,0.032214755000040896,0.04162779200009936,0.03421536399995754,0.03980007466668667,percentile bootstrap of the mean (2000)
synthetic_3class,reloaded_owl_features,MLP Original,semantic_processing_time,6,0.050650631333345096,0.004551359882086428,0.04840210250006294,0.04646333400000913,0.0567195339999671,0.047533413166661376,0.05377290933339888,percentile bootstrap of the mean (2000)
synthetic_3class,reloaded_owl_features,MLP Original,reasoner_time,6,0.5086064528333433,0.016017342416273943,0.5047726210000292,0.4951853550001033,0.5372720789998766,0.4987700606667431,0.5219196481666207,percentile bootstrap of the mean (2000)
synthetic_3class,reloaded_owl_full,MLP Original,accuracy_real_labels,6,0.8128205128205127,0.06261872352970119,0.7923076923076924,0.7538461538461538,0.9230769230769231,0.7717948717948717,0.864102564102564,percentile bootstrap of the mean (2000)
synthetic_3class,reloaded_owl_full,MLP Original,balanced_accuracy_real_labels,6,0.8131313131313131,0.06303951272381757,0.7918470418470418,0.753968253968254,0.9242424242424243,0.7720027657527657,0.8647186147186146,percentile bootstrap of the mean (2000)
synthetic_3class,reloaded_owl_full,MLP Original,precision_macro_real_labels,6,0.82151122527076,0.06347090674562314,0.8097736766157819,0.753968253968254,0.9244851258581236,0.7783901673375357,0.8705683784514352,percentile bootstrap of the mean (2000)
synthetic_3class,reloaded_owl_full,MLP Original,recall_macro_real_labels,6,0.8131313131313131,0.06303951272381757,0.7918470418470418,0.753968253968254,0.9242424242424243,0.7720027657527657,0.8647186147186146,percentile bootstrap of the mean (2000)
synthetic_3class,reloaded_owl_full,MLP Original,macro_f1_real_labels,6,0.8125914047781061,0.061900201140235284,0.7936716112118292,0.7529330572808833,0.9219758561221977,0.7721517124908767,0.8627182309750898,percentile bootstrap of the mean (2000)
synthetic_3class,reloaded_owl_full,MLP Original,weighted_f1_real_labels,6,0.8120869223330954,0.06186396872733665,0.7932445810546485,0.7527950310559006,0.9214747853772244,0.7716586535752684,0.862161108802599,percentile bootstrap of the mean (2000)
synthetic_3class,reloaded_owl_full,MLP Original,minority_recall_real_labels,6,0.8333333333333334,0.10323563518418476,0.8095238095238095,0.7142857142857143,1.0,0.7619047619047619,0.9126984126984127,percentile bootstrap of the mean (2000)
synthetic_3class,reloaded_owl_full,MLP Original,fidelity_to_oracle,6,0.841025641025641,0.07194124273538535,0.8153846153846154,0.7846153846153846,0.9692307692307692,0.7948717948717948,0.8999999999999999,percentile bootstrap of the mean (2000)
synthetic_3class,reloaded_owl_full,MLP Original,node_count,6,13.666666666666666,1.632993161855452,14.0,11.0,15.0,12.333333333333334,14.666666666666666,percentile bootstrap of the mean (2000)
synthetic_3class,reloaded_owl_full,MLP Original,internal_nodes,6,6.333333333333333,0.816496580927726,6.5,5.0,7.0,5.666666666666667,6.833333333333333,percentile bootstrap of the mean (2000)
synthetic_3class,reloaded_owl_full,MLP Original,leaf_count,6,7.333333333333333,0.816496580927726,7.5,6.0,8.0,6.666666666666667,7.833333333333333,percentile bootstrap of the mean (2000)
synthetic_3class,reloaded_owl_full,MLP Original,depth,6,4.166666666666667,0.408248290463863,4.0,4.0,5.0,4.0,4.5,percentile bootstrap of the mean (2000)
synthetic_3class,reloaded_owl_full,MLP Original,average_leaf_depth,6,3.097222222222222,0.2246396291017303,3.0625,2.8333333333333335,3.5,2.9583333333333335,3.2708333333333335,percentile bootstrap of the mean (2000)
synthetic_3class,reloaded_owl_full,MLP Original,average_rule_length,6,3.097222222222222,0.2246396291017303,3.0625,2.8333333333333335,3.5,2.9583333333333335,3.2708333333333335,percentile bootstrap of the mean (2000)
synthetic_3class,reloaded_owl_full,MLP Original,features_used,6,8.666666666666666,1.2110601416389968,8.5,7.0,10.0,7.833333333333333,9.5,percentile bootstrap of the mean (2000)
synthetic_3class,reloaded_owl_full,MLP Original,m_of_n_count,6,6.0,0.6324555320336759,6.0,5.0,7.0,5.5,6.5,percentile bootstrap of the mean (2000)
synthetic_3class,reloaded_owl_full,MLP Original,semantic_split_count,6,6.333333333333333,0.816496580927726,6.5,5.0,7.0,5.666666666666667,6.833333333333333,percentile bootstrap of the mean (2000)
synthetic_3class,reloaded_owl_full,MLP Original,semantic_decision_changed_count,6,3.3333333333333335,0.816496580927726,3.5,2.0,4.0,2.6666666666666665,3.8333333333333335,percentile bootstrap of the mean (2000)
synthetic_3class,reloaded_owl_full,MLP Original,membership_queries,6,2213.1666666666665,29.102691742632103,2205.5,2184.0,2252.0,2193.4875,2233.8416666666667,percentile bootstrap of the mean (2000)
synthetic_3class,reloaded_owl_full,MLP Original,tree_training_time,6,5.220586120999997,0.1722517383696837,5.197155811500011,5.021437504999994,5.498149842999965,5.098282697500015,5.348501015833335,percentile bootstrap of the mean (2000)
synthetic_3class,reloaded_owl_full,MLP Original,query_time,6,0.632167665666619,0.02905726566266197,0.6313323364997814,0.5881150749999051,0.6727496510002311,0.61123211216659,0.6528384463332865,percentile bootstrap of the mean (2000)
synthetic_3class,reloaded_owl_full,MLP Original,semantic_processing_time,6,0.050650631333345096,0.004551359882086428,0.04840210250006294,0.04646333400000913,0.0567195339999671,0.047533413166661376,0.05377290933339888,percentile bootstrap of the mean (2000)
synthetic_3class,reloaded_owl_full,MLP Original,reasoner_time,6,0.5086064528333433,0.016017342416273943,0.5047726210000292,0.4951853550001033,0.5372720789998766,0.4987700606667431,0.5219196481666207,percentile bootstrap of the mean (2000)
synthetic_3class,reloaded_owl_shuffled,MLP Original,accuracy_real_labels,6,0.7999999999999999,0.07083608881982363,0.8076923076923077,0.676923076923077,0.8923076923076924,0.7460897435897436,0.8487179487179487,percentile bootstrap of the mean (2000)
synthetic_3class,reloaded_owl_shuffled,MLP Original,balanced_accuracy_real_labels,6,0.80002405002405,0.07042293037390798,0.8073593073593073,0.6774891774891775,0.8917748917748919,0.7462151274651273,0.8482473544973546,percentile bootstrap of the mean (2000)
synthetic_3class,reloaded_owl_shuffled,MLP Original,precision_macro_real_labels,6,0.8071943451809891,0.07500136453247716,0.8174922390608665,0.6764822134387352,0.9003623188405797,0.75110891523935,0.8553456140572505,percentile bootstrap of the mean (2000)
synthetic_3class,reloaded_owl_shuffled,MLP Original,recall_macro_real_labels,6,0.80002405002405,0.07042293037390798,0.8073593073593073,0.6774891774891775,0.8917748917748919,0.7462151274651273,0.8482473544973546,percentile bootstrap of the mean (2000)
synthetic_3class,reloaded_owl_shuffled,MLP Original,macro_f1_real_labels,6,0.7998114748873407,0.07172830906646914,0.8071394918636569,0.6760461760461761,0.8935216152607457,0.7445466286609843,0.8475531540875059,percentile bootstrap of the mean (2000)
synthetic_3class,reloaded_owl_shuffled,MLP Original,weighted_f1_real_labels,6,0.7993741056859566,0.0715772614573018,0.8068521834870848,0.6759573759573759,0.8930669182174199,0.7441437513740364,0.8472381283319611,percentile bootstrap of the mean (2000)
synthetic_3class,reloaded_owl_shuffled,MLP Original,minority_recall_real_labels,6,0.8015873015873015,0.05566881878333389,0.8095238095238095,0.7142857142857143,0.8571428571428571,0.7619047619047619,0.8412698412698413,percentile bootstrap of the mean (2000)
synthetic_3class,reloaded_owl_shuffled,MLP Original,fidelity_to_oracle,6,0.8153846153846153,0.05239811189515817,0.823076923076923,0.7230769230769231,0.8769230769230769,0.7743589743589743,0.8487179487179487,percentile bootstrap of the mean (2000)
synthetic_3class,reloaded_owl_shuffled,MLP Original,node_count,6,14.333333333333334,1.632993161855452,15.0,11.0,15.0,13.0,15.0,percentile bootstrap of the mean (2000)
synthetic_3class,reloaded_owl_shuffled,MLP Original,internal_nodes,6,6.666666666666667,0.816496580927726,7.0,5.0,7.0,6.0,7.0,percentile bootstrap of the mean (2000)
synthetic_3class,reloaded_owl_shuffled,MLP Original,leaf_count,6,7.666666666666667,0.816496580927726,8.0,6.0,8.0,7.0,8.0,percentile bootstrap of the mean (2000)
synthetic_3class,reloaded_owl_shuffled,MLP Original,depth,6,4.166666666666667,0.408248290463863,4.0,4.0,5.0,4.0,4.5,percentile bootstrap of the mean (2000)
synthetic_3class,reloaded_owl_shuffled,MLP Original,average_leaf_depth,6,3.159722222222222,0.18524883165523504,3.1875,2.8333333333333335,3.375,3.0208333333333335,3.2708333333333335,percentile bootstrap of the mean (2000)
synthetic_3class,reloaded_owl_shuffled,MLP Original,average_rule_length,6,3.159722222222222,0.18524883165523504,3.1875,2.8333333333333335,3.375,3.0208333333333335,3.2708333333333335,percentile bootstrap of the mean (2000)
synthetic_3class,reloaded_owl_shuffled,MLP Original,features_used,6,9.0,0.8944271909999159,9.0,8.0,10.0,8.333333333333334,9.666666666666666,percentile bootstrap of the mean (2000)
synthetic_3class,reloaded_owl_shuffled,MLP Original,m_of_n_count,6,6.333333333333333,0.816496580927726,6.5,5.0,7.0,5.666666666666667,6.833333333333333,percentile bootstrap of the mean (2000)
synthetic_3class,reloaded_owl_shuffled,MLP Original,semantic_split_count,6,6.666666666666667,0.816496580927726,7.0,5.0,7.0,6.0,7.0,percentile bootstrap of the mean (2000)
synthetic_3class,reloaded_owl_shuffled,MLP Original,semantic_decision_changed_count,6,2.8333333333333335,0.983192080250175,3.0,1.0,4.0,2.0,3.5,percentile bootstrap of the mean (2000)
synthetic_3class,reloaded_owl_shuffled,MLP Original,membership_queries,6,2232.1666666666665,15.625833311112295,2230.0,2208.0,2253.0,2221.1625,2243.0,percentile bootstrap of the mean (2000)
synthetic_3class,reloaded_owl_shuffled,MLP Original,tree_training_time,6,5.530259518000018,0.24494760212472327,5.484728044000008,5.236239200999989,5.973837872000104,5.3754327611666595,5.725255832008389,percentile bootstrap of the mean (2000)
synthetic_3class,reloaded_owl_shuffled,MLP Original,query_time,6,0.6618003660000417,0.06372346476697222,0.6559421040001325,0.5887003739999273,0.7450351919997047,0.6181313923626051,0.7076610289999886,percentile bootstrap of the mean (2000)
synthetic_3class,reloaded_owl_shuffled,MLP Original,semantic_processing_time,6,0.05812090966666498,0.014363531455148923,0.05034063450011672,0.047258650999992824,0.07678579499975058,0.04845819173332776,0.06781179099990216,percentile bootstrap of the mean (2000)
synthetic_3class,reloaded_owl_shuffled,MLP Original,reasoner_time,6,0.5611973809999805,0.05782173307182535,0.5594996724998964,0.47514986600003795,0.650884933000043,0.5201262888332773,0.6028613650000428,percentile bootstrap of the mean (2000)
synthetic_3class,reloaded_e2e,MLP Ontológico,accuracy_real_labels,3,0.7435897435897436,0.05824521380307972,0.7692307692307693,0.676923076923077,0.7846153846153846,0.6769230769230768,0.7846153846153846,percentile bootstrap of the mean (2000)
synthetic_3class,reloaded_e2e,MLP Ontológico,balanced_accuracy_real_labels,3,0.7421837421837422,0.056190656534486336,0.7647907647907649,0.6782106782106782,0.7835497835497836,0.6782106782106782,0.7835497835497836,percentile bootstrap of the mean (2000)
synthetic_3class,reloaded_e2e,MLP Ontológico,precision_macro_real_labels,3,0.7663564276943055,0.07595266201366717,0.8096590909090909,0.6786561264822134,0.8107540656916123,0.6786561264822134,0.8107540656916123,percentile bootstrap of the mean (2000)
synthetic_3class,reloaded_e2e,MLP Ontológico,recall_macro_real_labels,3,0.7421837421837422,0.056190656534486336,0.7647907647907649,0.6782106782106782,0.7835497835497836,0.6782106782106782,0.7835497835497836,percentile bootstrap of the mean (2000)
synthetic_3class,reloaded_e2e,MLP Ontológico,macro_f1_real_labels,3,0.7403698992137553,0.056657601356474546,0.7554713804713805,0.6776916451335055,0.7879466720363798,0.6776916451335055,0.7879466720363798,percentile bootstrap of the mean (2000)
synthetic_3class,reloaded_e2e,MLP Ontológico,weighted_f1_real_labels,3,0.7406901554543661,0.057495930854901796,0.7574786324786326,0.6766686543430729,0.7879231795413929,0.6766686543430729,0.7879231795413929,percentile bootstrap of the mean (2000)
synthetic_3class,reloaded_e2e,MLP Ontológico,minority_recall_real_labels,3,0.6507936507936508,0.15307382160306277,0.7142857142857143,0.47619047619047616,0.7619047619047619,0.4761904761904761,0.7619047619047619,percentile bootstrap of the mean (2000)
synthetic_3class,reloaded_e2e,MLP Ontológico,fidelity_to_oracle,3,0.764102564102564,0.054028993604373,0.7692307692307693,0.7076923076923077,0.8153846153846154,0.7076923076923077,0.8153846153846155,percentile bootstrap of the mean (2000)
synthetic_3class,reloaded_e2e,MLP Ontológico,node_count,3,14.333333333333334,1.1547005383792517,15.0,13.0,15.0,13.0,15.0,percentile bootstrap of the mean (2000)
synthetic_3class,reloaded_e2e,MLP Ontológico,internal_nodes,3,6.666666666666667,0.5773502691896258,7.0,6.0,7.0,6.0,7.0,percentile bootstrap of the mean (2000)
synthetic_3class,reloaded_e2e,MLP Ontológico,leaf_count,3,7.666666666666667,0.5773502691896258,8.0,7.0,8.0,7.0,8.0,percentile bootstrap of the mean (2000)
synthetic_3class,reloaded_e2e,MLP Ontológico,depth,3,4.0,1.0,4.0,3.0,5.0,3.0,5.0,percentile bootstrap of the mean (2000)
synthetic_3class,reloaded_e2e,MLP Ontológico,average_leaf_depth,3,3.160714285714286,0.27022760625752773,3.25,2.857142857142857,3.375,2.857142857142857,3.375,percentile bootstrap of the mean (2000)
synthetic_3class,reloaded_e2e,MLP Ontológico,average_rule_length,3,3.160714285714286,0.27022760625752773,3.25,2.857142857142857,3.375,2.857142857142857,3.375,percentile bootstrap of the mean (2000)
synthetic_3class,reloaded_e2e,MLP Ontológico,features_used,3,8.333333333333334,1.5275252316519468,8.0,7.0,10.0,7.0,10.0,percentile bootstrap of the mean (2000)
synthetic_3class,reloaded_e2e,MLP Ontológico,m_of_n_count,3,6.666666666666667,0.5773502691896258,7.0,6.0,7.0,6.0,7.0,percentile bootstrap of the mean (2000)
synthetic_3class,reloaded_e2e,MLP Ontológico,semantic_split_count,3,6.666666666666667,0.5773502691896258,7.0,6.0,7.0,6.0,7.0,percentile bootstrap of the mean (2000)
synthetic_3class,reloaded_e2e,MLP Ontológico,semantic_decision_changed_count,3,2.3333333333333335,0.5773502691896258,2.0,2.0,3.0,2.0,3.0,percentile bootstrap of the mean (2000)
synthetic_3class,reloaded_e2e,MLP Ontológico,membership_queries,3,2238.0,48.507731342539614,2211.0,2209.0,2294.0,2209.0,2294.0,percentile bootstrap of the mean (2000)
synthetic_3class,reloaded_e2e,MLP Ontológico,tree_training_time,3,5.384510731000016,0.25170912443701465,5.2539794879999135,5.224879310999995,5.674673394000138,5.224879310999995,5.674673394000138,percentile bootstrap of the mean (2000)
synthetic_3class,reloaded_e2e,MLP Ontológico,query_time,3,0.6702785313333758,0.055520100096621255,0.6402128479999192,0.6362754420003967,0.7343473039998116,0.6362754420003967,0.7343473039998116,percentile bootstrap of the mean (2000)
synthetic_3class,reloaded_e2e,MLP Ontológico,semantic_processing_time,3,0.05376278966665874,0.004663391058805556,0.0561819120000564,0.04838692299995273,0.0567195339999671,0.04838692299995273,0.0567195339999671,percentile bootstrap of the mean (2000)
synthetic_3class,reloaded_e2e,MLP Ontológico,reasoner_time,3,0.5022606566666733,0.008536367044034836,0.49742825800012724,0.49723672799996166,0.5121169839999311,0.49723672799996166,0.5121169839999311,percentile bootstrap of the mean (2000)
synthetic_3class,trepan_original_no_mofn,MLP Original,accuracy_real_labels,6,0.7692307692307693,0.07410212048487566,0.7846153846153846,0.676923076923077,0.8615384615384616,0.717948717948718,0.8205128205128206,percentile bootstrap of the mean (2000)
synthetic_3class,trepan_original_no_mofn,MLP Original,balanced_accuracy_real_labels,6,0.7688792688792688,0.07436662555531522,0.7846320346320346,0.6746031746031745,0.8607503607503607,0.7172919672919672,0.8204665704665705,percentile bootstrap of the mean (2000)
synthetic_3class,trepan_original_no_mofn,MLP Original,precision_macro_real_labels,6,0.7847988826357382,0.06117239100847207,0.7946323965640159,0.6960188933873144,0.8639598997493735,0.738253224548991,0.8278636237820964,percentile bootstrap of the mean (2000)
synthetic_3class,trepan_original_no_mofn,MLP Original,recall_macro_real_labels,6,0.7688792688792688,0.07436662555531522,0.7846320346320346,0.6746031746031745,0.8607503607503607,0.7172919672919672,0.8204665704665705,percentile bootstrap of the mean (2000)
synthetic_3class,trepan_original_no_mofn,MLP Original,macro_f1_real_labels,6,0.7683152719859625,0.07384129991709765,0.7832540539857613,0.6769444444444446,0.8602754412007257,0.7171980541289485,0.8194324898429765,percentile bootstrap of the mean (2000)
synthetic_3class,trepan_original_no_mofn,MLP Original,weighted_f1_real_labels,6,0.7678798740484063,0.07411545063305267,0.7823042956626447,0.6767820512820513,0.860433524911506,0.7166206105408732,0.8191391375559394,percentile bootstrap of the mean (2000)
synthetic_3class,trepan_original_no_mofn,MLP Original,minority_recall_real_labels,6,0.746031746031746,0.11920624352710213,0.7857142857142857,0.5238095238095238,0.8571428571428571,0.6507936507936507,0.8174603174603173,percentile bootstrap of the mean (2000)
synthetic_3class,trepan_original_no_mofn,MLP Original,fidelity_to_oracle,6,0.7871794871794872,0.056246849572087254,0.8,0.7230769230769231,0.8461538461538461,0.7487179487179487,0.8256410256410257,percentile bootstrap of the mean (2000)
synthetic_3class,trepan_original_no_mofn,MLP Original,node_count,6,14.666666666666666,0.816496580927726,15.0,13.0,15.0,14.0,15.0,percentile bootstrap of the mean (2000)
synthetic_3class,trepan_original_no_mofn,MLP Original,internal_nodes,6,6.833333333333333,0.408248290463863,7.0,6.0,7.0,6.5,7.0,percentile bootstrap of the mean (2000)
synthetic_3class,trepan_original_no_mofn,MLP Original,leaf_count,6,7.833333333333333,0.408248290463863,8.0,7.0,8.0,7.5,8.0,percentile bootstrap of the mean (2000)
synthetic_3class,trepan_original_no_mofn,MLP Original,depth,6,4.333333333333333,0.5163977794943223,4.0,4.0,5.0,4.0,4.666666666666667,percentile bootstrap of the mean (2000)
synthetic_3class,trepan_original_no_mofn,MLP Original,average_leaf_depth,6,3.25,0.22360679774997896,3.1875,3.0,3.625,3.1041666666666665,3.4166666666666665,percentile bootstrap of the mean (2000)
synthetic_3class,trepan_original_no_mofn,MLP Original,average_rule_length,6,3.25,0.22360679774997896,3.1875,3.0,3.625,3.1041666666666665,3.4166666666666665,percentile bootstrap of the mean (2000)
synthetic_3class,trepan_original_no_mofn,MLP Original,features_used,6,5.333333333333333,0.816496580927726,5.5,4.0,6.0,4.666666666666667,5.833333333333333,percentile bootstrap of the mean (2000)
synthetic_3class,trepan_original_no_mofn,MLP Original,m_of_n_count,6,0.0,0.0,0.0,0.0,0.0,0.0,0.0,percentile bootstrap of the mean (2000)
synthetic_3class,trepan_original_no_mofn,MLP Original,semantic_split_count,6,0.0,0.0,0.0,0.0,0.0,0.0,0.0,percentile bootstrap of the mean (2000)
synthetic_3class,trepan_original_no_mofn,MLP Original,semantic_decision_changed_count,6,0.0,0.0,0.0,0.0,0.0,0.0,0.0,percentile bootstrap of the mean (2000)
synthetic_3class,trepan_original_no_mofn,MLP Original,membership_queries,6,2199.1666666666665,31.352299224565122,2191.5,2163.0,2246.0,2177.1666666666665,2223.170833333333,percentile bootstrap of the mean (2000)
synthetic_3class,trepan_original_no_mofn,MLP Original,tree_training_time,6,0.4461119201666482,0.03427523975820557,0.4458340845000066,0.40373091099991143,0.4970802840000488,0.42213979399995577,0.4724331104999919,percentile bootstrap of the mean (2000)
synthetic_3class,trepan_original_no_mofn,MLP Original,query_time,6,0.030026802166465433,0.002704829193631207,0.030095295499677377,0.026574327999924208,0.03417939299970385,0.028135266262313507,0.0321384323329994,percentile bootstrap of the mean (2000)
synthetic_3class,trepan_original_no_mofn,MLP Original,semantic_processing_time,6,0.0,0.0,0.0,0.0,0.0,0.0,0.0,percentile bootstrap of the mean (2000)
synthetic_3class,trepan_original_no_mofn,MLP Original,reasoner_time,6,0.0,0.0,0.0,0.0,0.0,0.0,0.0,percentile bootstrap of the mean (2000)
synthetic_3class,reloaded_owl_full_no_mofn,MLP Original,accuracy_real_labels,6,0.7256410256410257,0.07111398745004648,0.7230769230769231,0.6461538461538462,0.8307692307692308,0.6769230769230768,0.7769230769230769,percentile bootstrap of the mean (2000)
synthetic_3class,reloaded_owl_full_no_mofn,MLP Original,balanced_accuracy_real_labels,6,0.7253487253487254,0.07118644616789897,0.721861471861472,0.6486291486291486,0.831890331890332,0.6758056758056757,0.7775372775372776,percentile bootstrap of the mean (2000)
synthetic_3class,reloaded_owl_full_no_mofn,MLP Original,precision_macro_real_labels,6,0.7420273523509527,0.0625236428660555,0.7344382197323374,0.6627539127539128,0.8320816864295125,0.6982664946301633,0.7869797719666111,percentile bootstrap of the mean (2000)
synthetic_3class,reloaded_owl_full_no_mofn,MLP Original,recall_macro_real_labels,6,0.7253487253487254,0.07118644616789897,0.721861471861472,0.6486291486291486,0.831890331890332,0.6758056758056757,0.7775372775372776,percentile bootstrap of the mean (2000)
synthetic_3class,reloaded_owl_full_no_mofn,MLP Original,macro_f1_real_labels,6,0.7224387618262087,0.07481509333444537,0.7199048669008825,0.629417580055878,0.8310815799187893,0.6699017272573503,0.7775096913203933,percentile bootstrap of the mean (2000)
synthetic_3class,reloaded_owl_full_no_mofn,MLP Original,weighted_f1_real_labels,6,0.7220979221196558,0.07478250326995131,0.7200491523025965,0.6279716312056738,0.8302717437601159,0.6695839753506343,0.7768643022428651,percentile bootstrap of the mean (2000)
synthetic_3class,reloaded_owl_full_no_mofn,MLP Original,minority_recall_real_labels,6,0.7063492063492064,0.13608276348795434,0.6904761904761905,0.5238095238095238,0.9047619047619048,0.611111111111111,0.8015873015873015,percentile bootstrap of the mean (2000)
synthetic_3class,reloaded_owl_full_no_mofn,MLP Original,fidelity_to_oracle,6,0.7384615384615385,0.06670610273439632,0.7230769230769231,0.6615384615384615,0.8461538461538461,0.6923076923076924,0.7897435897435897,percentile bootstrap of the mean (2000)
synthetic_3class,reloaded_owl_full_no_mofn,MLP Original,node_count,6,14.0,1.6733200530681511,15.0,11.0,15.0,12.666666666666666,15.0,percentile bootstrap of the mean (2000)
synthetic_3class,reloaded_owl_full_no_mofn,MLP Original,internal_nodes,6,6.5,0.8366600265340756,7.0,5.0,7.0,5.833333333333333,7.0,percentile bootstrap of the mean (2000)
synthetic_3class,reloaded_owl_full_no_mofn,MLP Original,leaf_count,6,7.5,0.8366600265340756,8.0,6.0,8.0,6.833333333333333,8.0,percentile bootstrap of the mean (2000)
synthetic_3class,reloaded_owl_full_no_mofn,MLP Original,depth,6,4.333333333333333,0.5163977794943223,4.0,4.0,5.0,4.0,4.666666666666667,percentile bootstrap of the mean (2000)
synthetic_3class,reloaded_owl_full_no_mofn,MLP Original,average_leaf_depth,6,3.201388888888889,0.2806449252597917,3.1875,2.8333333333333335,3.625,3.0069444444444446,3.4166666666666665,percentile bootstrap of the mean (2000)
synthetic_3class,reloaded_owl_full_no_mofn,MLP Original,average_rule_length,6,3.201388888888889,0.2806449252597917,3.1875,2.8333333333333335,3.625,3.0069444444444446,3.4166666666666665,percentile bootstrap of the mean (2000)
synthetic_3class,reloaded_owl_full_no_mofn,MLP Original,features_used,6,5.833333333333333,0.983192080250175,6.0,4.0,7.0,5.0,6.5,percentile bootstrap of the mean (2000)
synthetic_3class,reloaded_owl_full_no_mofn,MLP Original,m_of_n_count,6,0.0,0.0,0.0,0.0,0.0,0.0,0.0,percentile bootstrap of the mean (2000)
synthetic_3class,reloaded_owl_full_no_mofn,MLP Original,semantic_split_count,6,6.5,0.8366600265340756,7.0,5.0,7.0,5.833333333333333,7.0,percentile bootstrap of the mean (2000)
synthetic_3class,reloaded_owl_full_no_mofn,MLP Original,semantic_decision_changed_count,6,1.3333333333333333,0.5163977794943223,1.0,1.0,2.0,1.0,1.6666666666666667,percentile bootstrap of the mean (2000)
synthetic_3class,reloaded_owl_full_no_mofn,MLP Original,membership_queries,6,2220.3333333333335,19.490168461731333,2227.0,2184.0,2238.0,2205.0,2232.3333333333335,percentile bootstrap of the mean (2000)
synthetic_3class,reloaded_owl_full_no_mofn,MLP Original,tree_training_time,6,2.0561254344999043,0.0859797270655648,2.0314113589998897,1.9626029179999023,2.1875815189998775,1.9956928539999126,2.1230911234998757,percentile bootstrap of the mean (2000)
synthetic_3class,reloaded_owl_full_no_mofn,MLP Original,query_time,6,0.6863672744999576,0.06948296442480571,0.6872752104999336,0.6159078329997101,0.8061615130000064,0.6402302318331673,0.7381083889916378,percentile bootstrap of the mean (2000)
synthetic_3class,reloaded_owl_full_no_mofn,MLP Original,semantic_processing_time,6,0.050650631333345096,0.004551359882086428,0.04840210250006294,0.04646333400000913,0.0567195339999671,0.047533413166661376,0.05377290933339888,percentile bootstrap of the mean (2000)
synthetic_3class,reloaded_owl_full_no_mofn,MLP Original,reasoner_time,6,0.5086064528333433,0.016017342416273943,0.5047726210000292,0.4951853550001033,0.5372720789998766,0.4987700606667431,0.5219196481666207,percentile bootstrap of the mean (2000)
synthetic_3class,reloaded_owl_full_no_active_queries,MLP Original,accuracy_real_labels,6,0.7871794871794872,0.07869748334986053,0.8153846153846154,0.676923076923077,0.8615384615384616,0.7307692307692308,0.841025641025641,percentile bootstrap of the mean (2000)
synthetic_3class,reloaded_owl_full_no_active_queries,MLP Original,balanced_accuracy_real_labels,6,0.7867965367965368,0.07875503440910735,0.8156565656565656,0.6767676767676768,0.8593073593073592,0.7301587301587302,0.8406685906685906,percentile bootstrap of the mean (2000)
synthetic_3class,reloaded_owl_full_no_active_queries,MLP Original,precision_macro_real_labels,6,0.7987973520204085,0.08526992282353543,0.8160868212019108,0.6866096866096866,0.903225806451613,0.7393053096377904,0.8582893944030264,percentile bootstrap of the mean (2000)
synthetic_3class,reloaded_owl_full_no_active_queries,MLP Original,recall_macro_real_labels,6,0.7867965367965368,0.07875503440910735,0.8156565656565656,0.6767676767676768,0.8593073593073592,0.7301587301587302,0.8406685906685906,percentile bootstrap of the mean (2000)
synthetic_3class,reloaded_owl_full_no_active_queries,MLP Original,macro_f1_real_labels,6,0.7861533119293097,0.07937662737559426,0.8114208284939992,0.6777777777777777,0.8634504269570998,0.7296101086973618,0.8407316637156427,percentile bootstrap of the mean (2000)
synthetic_3class,reloaded_owl_full_no_active_queries,MLP Original,weighted_f1_real_labels,6,0.7860004269305573,0.07915391828703776,0.8109228982399713,0.6779487179487179,0.8639137668590039,0.7296659315893447,0.8404255788851086,percentile bootstrap of the mean (2000)
synthetic_3class,reloaded_owl_full_no_active_queries,MLP Original,minority_recall_real_labels,6,0.7619047619047619,0.11268723396380222,0.7619047619047619,0.6190476190476191,0.9047619047619048,0.6825396825396824,0.8412698412698413,percentile bootstrap of the mean (2000)
synthetic_3class,reloaded_owl_full_no_active_queries,MLP Original,fidelity_to_oracle,6,0.8025641025641025,0.07563016001924425,0.7846153846153847,0.7076923076923077,0.8923076923076924,0.7512820512820513,0.8564102564102565,percentile bootstrap of the mean (2000)
synthetic_3class,reloaded_owl_full_no_active_queries,MLP Original,node_count,6,13.333333333333334,0.816496580927726,13.0,13.0,15.0,13.0,14.0,percentile bootstrap of the mean (2000)
synthetic_3class,reloaded_owl_full_no_active_queries,MLP Original,internal_nodes,6,6.166666666666667,0.408248290463863,6.0,6.0,7.0,6.0,6.5,percentile bootstrap of the mean (2000)
synthetic_3class,reloaded_owl_full_no_active_queries,MLP Original,leaf_count,6,7.166666666666667,0.408248290463863,7.0,7.0,8.0,7.0,7.5,percentile bootstrap of the mean (2000)
synthetic_3class,reloaded_owl_full_no_active_queries,MLP Original,depth,6,4.5,0.8366600265340756,4.0,4.0,6.0,4.0,5.166666666666667,percentile bootstrap of the mean (2000)
synthetic_3class,reloaded_owl_full_no_active_queries,MLP Original,average_leaf_depth,6,3.2351190476190474,0.32269920810495434,3.133928571428571,3.0,3.857142857142857,3.044642857142857,3.5,percentile bootstrap of the mean (2000)
synthetic_3class,reloaded_owl_full_no_active_queries,MLP Original,average_rule_length,6,3.2351190476190474,0.32269920810495434,3.133928571428571,3.0,3.857142857142857,3.044642857142857,3.5,percentile bootstrap of the mean (2000)
synthetic_3class,reloaded_owl_full_no_active_queries,MLP Original,features_used,6,8.333333333333334,1.0327955589886446,8.0,7.0,10.0,7.666666666666667,9.166666666666666,percentile bootstrap of the mean (2000)
synthetic_3class,reloaded_owl_full_no_active_queries,MLP Original,m_of_n_count,6,6.0,0.6324555320336759,6.0,5.0,7.0,5.5,6.5,percentile bootstrap of the mean (2000)
synthetic_3class,reloaded_owl_full_no_active_queries,MLP Original,semantic_split_count,6,6.166666666666667,0.408248290463863,6.0,6.0,7.0,6.0,6.5,percentile bootstrap of the mean (2000)
synthetic_3class,reloaded_owl_full_no_active_queries,MLP Original,semantic_decision_changed_count,6,2.5,1.0488088481701516,2.5,1.0,4.0,1.8333333333333333,3.3333333333333335,percentile bootstrap of the mean (2000)
synthetic_3class,reloaded_owl_full_no_active_queries,MLP Original,membership_queries,6,2227.8333333333335,18.519359240175312,2229.5,2200.0,2249.0,2214.4958333333334,2240.5041666666666,percentile bootstrap of the mean (2000)
synthetic_3class,reloaded_owl_full_no_active_queries,MLP Original,tree_training_time,6,4.858352289666679,0.38937882743411095,4.7477794505000475,4.605255351000096,5.636862629000007,4.658484805400075,5.182595229666617,percentile bootstrap of the mean (2000)
synthetic_3class,reloaded_owl_full_no_active_queries,MLP Original,query_time,6,0.11289971133343595,0.007494802208297512,0.11029074800023864,0.10574519299984786,0.12255857800005288,0.1075919382084455,0.11836718383347034,percentile bootstrap of the mean (2000)
synthetic_3class,reloaded_owl_full_no_active_queries,MLP Original,semantic_processing_time,6,0.050650631333345096,0.004551359882086428,0.04840210250006294,0.04646333400000913,0.0567195339999671,0.047533413166661376,0.05377290933339888,percentile bootstrap of the mean (2000)
synthetic_3class,reloaded_owl_full_no_active_queries,MLP Original,reasoner_time,6,0.5086064528333433,0.016017342416273943,0.5047726210000292,0.4951853550001033,0.5372720789998766,0.4987700606667431,0.5219196481666207,percentile bootstrap of the mean (2000)
synthetic_3class,reloaded_owl_full_no_error_focus,MLP Original,accuracy_real_labels,6,0.7564102564102564,0.050009860960553425,0.7615384615384615,0.676923076923077,0.8307692307692308,0.7204487179487179,0.7923076923076923,percentile bootstrap of the mean (2000)
synthetic_3class,reloaded_owl_full_no_error_focus,MLP Original,balanced_accuracy_real_labels,6,0.7569745069745069,0.048799093018985266,0.7611832611832612,0.6803751803751804,0.8297258297258298,0.7212391774891775,0.7918470418470417,percentile bootstrap of the mean (2000)
synthetic_3class,reloaded_owl_full_no_error_focus,MLP Original,precision_macro_real_labels,6,0.7655523320364184,0.061800561011242525,0.7700425138468616,0.6587224906065486,0.8451940216646099,0.7180195477851062,0.8070570303839698,percentile bootstrap of the mean (2000)
synthetic_3class,reloaded_owl_full_no_error_focus,MLP Original,recall_macro_real_labels,6,0.7569745069745069,0.048799093018985266,0.7611832611832612,0.6803751803751804,0.8297258297258298,0.7212391774891775,0.7918470418470417,percentile bootstrap of the mean (2000)
synthetic_3class,reloaded_owl_full_no_error_focus,MLP Original,macro_f1_real_labels,6,0.7527254901555908,0.055619003976574176,0.7571165771905828,0.6598848848848848,0.8324694311536417,0.7091849234435089,0.7927366355570017,percentile bootstrap of the mean (2000)
synthetic_3class,reloaded_owl_full_no_error_focus,MLP Original,weighted_f1_real_labels,6,0.7521510037356762,0.05624779368808185,0.7570225294839257,0.6578574728574729,0.8323211875843454,0.708019897829725,0.7929321685570584,percentile bootstrap of the mean (2000)
synthetic_3class,reloaded_owl_full_no_error_focus,MLP Original,minority_recall_real_labels,6,0.7936507936507936,0.09836148180844236,0.7857142857142857,0.6666666666666666,0.9047619047619048,0.7222222222222222,0.8650793650793651,percentile bootstrap of the mean (2000)
synthetic_3class,reloaded_owl_full_no_error_focus,MLP Original,fidelity_to_oracle,6,0.7564102564102564,0.05871738886755835,0.7538461538461538,0.6923076923076923,0.8307692307692308,0.7128205128205128,0.7999999999999999,percentile bootstrap of the mean (2000)
synthetic_3class,reloaded_owl_full_no_error_focus,MLP Original,node_count,6,13.0,1.7888543819998317,13.0,11.0,15.0,11.666666666666666,14.333333333333334,percentile bootstrap of the mean (2000)
synthetic_3class,reloaded_owl_full_no_error_focus,MLP Original,internal_nodes,6,6.0,0.8944271909999159,6.0,5.0,7.0,5.333333333333333,6.666666666666667,percentile bootstrap of the mean (2000)
synthetic_3class,reloaded_owl_full_no_error_focus,MLP Original,leaf_count,6,7.0,0.8944271909999159,7.0,6.0,8.0,6.333333333333333,7.666666666666667,percentile bootstrap of the mean (2000)
synthetic_3class,reloaded_owl_full_no_error_focus,MLP Original,depth,6,4.166666666666667,0.983192080250175,4.0,3.0,6.0,3.5,5.0,percentile bootstrap of the mean (2000)
synthetic_3class,reloaded_owl_full_no_error_focus,MLP Original,average_leaf_depth,6,3.1041666666666665,0.46677826046683496,3.0,2.6666666666666665,4.0,2.8333333333333335,3.5,percentile bootstrap of the mean (2000)
synthetic_3class,reloaded_owl_full_no_error_focus,MLP Original,average_rule_length,6,3.1041666666666665,0.46677826046683496,3.0,2.6666666666666665,4.0,2.8333333333333335,3.5,percentile bootstrap of the mean (2000)
synthetic_3class,reloaded_owl_full_no_error_focus,MLP Original,features_used,6,8.166666666666666,0.9831920802501751,8.5,7.0,9.0,7.5,8.833333333333334,percentile bootstrap of the mean (2000)
synthetic_3class,reloaded_owl_full_no_error_focus,MLP Original,m_of_n_count,6,5.5,1.378404875209022,5.5,4.0,7.0,4.5,6.5,percentile bootstrap of the mean (2000)
synthetic_3class,reloaded_owl_full_no_error_focus,MLP Original,semantic_split_count,6,6.0,0.8944271909999159,6.0,5.0,7.0,5.333333333333333,6.666666666666667,percentile bootstrap of the mean (2000)
synthetic_3class,reloaded_owl_full_no_error_focus,MLP Original,semantic_decision_changed_count,6,0.0,0.0,0.0,0.0,0.0,0.0,0.0,percentile bootstrap of the mean (2000)
synthetic_3class,reloaded_owl_full_no_error_focus,MLP Original,membership_queries,6,2211.3333333333335,58.67424193516833,2226.0,2096.0,2263.0,2162.0,2244.3333333333335,percentile bootstrap of the mean (2000)
synthetic_3class,reloaded_owl_full_no_error_focus,MLP Original,tree_training_time,6,5.403439246333278,0.33772952092831376,5.344631570999923,5.075867862999985,6.037389964999875,5.196914696499978,5.68062957716658,percentile bootstrap of the mean (2000)
synthetic_3class,reloaded_owl_full_no_error_focus,MLP Original,query_time,6,0.6526738498334529,0.07064603227836493,0.6491877839999916,0.5615924230000928,0.755977982000104,0.6027944232542514,0.7060600151666753,percentile bootstrap of the mean (2000)
synthetic_3class,reloaded_owl_full_no_error_focus,MLP Original,semantic_processing_time,6,0.050650631333345096,0.004551359882086428,0.04840210250006294,0.04646333400000913,0.0567195339999671,0.047533413166661376,0.05377290933339888,percentile bootstrap of the mean (2000)
synthetic_3class,reloaded_owl_full_no_error_focus,MLP Original,reasoner_time,6,0.5086064528333433,0.016017342416273943,0.5047726210000292,0.4951853550001033,0.5372720789998766,0.4987700606667431,0.5219196481666207,percentile bootstrap of the mean (2000)
synthetic_3class,reloaded_e2e,MLP Original,accuracy_real_labels,3,0.8564102564102565,0.06217618283580586,0.8461538461538461,0.8,0.9230769230769231,0.8000000000000002,0.923076923076923,percentile bootstrap of the mean (2000)
synthetic_3class,reloaded_e2e,MLP Original,balanced_accuracy_real_labels,3,0.8566618566618566,0.06332102328097655,0.8470418470418469,0.7987012987012987,0.9242424242424243,0.7987012987012987,0.9242424242424243,percentile bootstrap of the mean (2000)
synthetic_3class,reloaded_e2e,MLP Original,precision_macro_real_labels,3,0.8710425006668333,0.048751326260693464,0.8596380471380471,0.829004329004329,0.9244851258581236,0.829004329004329,0.9244851258581236,percentile bootstrap of the mean (2000)
synthetic_3class,reloaded_e2e,MLP Original,recall_macro_real_labels,3,0.8566618566618566,0.06332102328097655,0.8470418470418469,0.7987012987012987,0.9242424242424243,0.7987012987012987,0.9242424242424243,percentile bootstrap of the mean (2000)
synthetic_3class,reloaded_e2e,MLP Original,macro_f1_real_labels,3,0.8558139606681268,0.060926741614836626,0.8434458238619805,0.8020202020202021,0.9219758561221977,0.8020202020202021,0.9219758561221977,percentile bootstrap of the mean (2000)
synthetic_3class,reloaded_e2e,MLP Original,weighted_f1_real_labels,3,0.8552798179188602,0.060930286111670826,0.8428262068408947,0.8015384615384615,0.9214747853772244,0.8015384615384615,0.9214747853772244,percentile bootstrap of the mean (2000)
synthetic_3class,reloaded_e2e,MLP Original,minority_recall_real_labels,3,0.873015873015873,0.14547859349066158,0.9047619047619048,0.7142857142857143,1.0,0.7142857142857143,1.0,percentile bootstrap of the mean (2000)
synthetic_3class,reloaded_e2e,MLP Original,fidelity_to_oracle,3,0.8923076923076924,0.07050116453778213,0.8769230769230769,0.8307692307692308,0.9692307692307692,0.8307692307692308,0.9692307692307692,percentile bootstrap of the mean (2000)
synthetic_3class,reloaded_e2e,MLP Original,node_count,3,13.0,2.0,13.0,11.0,15.0,11.0,15.0,percentile bootstrap of the mean (2000)
synthetic_3class,reloaded_e2e,MLP Original,internal_nodes,3,6.0,1.0,6.0,5.0,7.0,5.0,7.0,percentile bootstrap of the mean (2000)
synthetic_3class,reloaded_e2e,MLP Original,leaf_count,3,7.0,1.0,7.0,6.0,8.0,6.0,8.0,percentile bootstrap of the mean (2000)
synthetic_3class,reloaded_e2e,MLP Original,depth,3,4.0,0.0,4.0,4.0,4.0,4.0,4.0,percentile bootstrap of the mean (2000)
synthetic_3class,reloaded_e2e,MLP Original,average_leaf_depth,3,2.986111111111111,0.14632852434517685,3.0,2.8333333333333335,3.125,2.8333333333333335,3.125,percentile bootstrap of the mean (2000)
synthetic_3class,reloaded_e2e,MLP Original,average_rule_length,3,2.986111111111111,0.14632852434517685,3.0,2.8333333333333335,3.125,2.8333333333333335,3.125,percentile bootstrap of the mean (2000)
synthetic_3class,reloaded_e2e,MLP Original,features_used,3,9.0,1.0,9.0,8.0,10.0,8.0,10.0,percentile bootstrap of the mean (2000)
synthetic_3class,reloaded_e2e,MLP Original,m_of_n_count,3,5.666666666666667,0.5773502691896258,6.0,5.0,6.0,5.0,6.0,percentile bootstrap of the mean (2000)
synthetic_3class,reloaded_e2e,MLP Original,semantic_split_count,3,6.0,1.0,6.0,5.0,7.0,5.0,7.0,percentile bootstrap of the mean (2000)
synthetic_3class,reloaded_e2e,MLP Original,semantic_decision_changed_count,3,3.6666666666666665,0.5773502691896258,4.0,3.0,4.0,3.0,4.0,percentile bootstrap of the mean (2000)
synthetic_3class,reloaded_e2e,MLP Original,membership_queries,3,2190.3333333333335,8.504900548115383,2187.0,2184.0,2200.0,2184.0,2200.0,percentile bootstrap of the mean (2000)
synthetic_3class,reloaded_e2e,MLP Original,tree_training_time,3,5.635139539333295,0.443589586056047,5.429142774999946,5.332002819999843,6.144273023000096,5.332002819999843,6.144273023000096,percentile bootstrap of the mean (2000)
synthetic_3class,reloaded_e2e,MLP Original,query_time,3,0.6516361040000902,0.08825467286760158,0.6336119830002644,0.5737848490002762,0.74751147999973,0.5737848490002762,0.74751147999973,percentile bootstrap of the mean (2000)
synthetic_3class,reloaded_e2e,MLP Original,semantic_processing_time,3,0.047538473000031445,0.0009916588619460244,0.04773480299991206,0.04646333400000913,0.048417282000173145,0.04646333400000913,0.048417282000173145,percentile bootstrap of the mean (2000)
synthetic_3class,reloaded_e2e,MLP Original,reasoner_time,3,0.5149522490000132,0.021159187033607106,0.5123993130000599,0.4951853550001033,0.5372720789998766,0.4951853550001033,0.5372720789998766,percentile bootstrap of the mean (2000)
