dataset,contrast,group,question,arm_a,arm_b,metric,status,reason,oracle_a,oracle_b,semantic_claim,min_test_samples,scheme,n_pairs,mean_a,mean_b,mean_diff,median_diff,wins_a,wins_b,ties,ci_low,ci_high,ci_method,wilcoxon_p,wilcoxon_stat,ttest_p,normality_p,normality_ok,ttest_valid,cohens_dz,cliffs_delta,rank_biserial,effect_label,p_holm,p_bh,evidence_level,evidence_reasons
synthetic_3class,owl_in_mlp,main,(1) O MLP Ontológico melhora o MLP Original (rótulos reais)?,mlp_ontological,mlp_original,accuracy_real_labels,ok,,n/a,n/a,True,65.0,holdout,6.0,0.8948717948717949,0.8897435897435898,0.005128205128205092,0.007692307692307665,3.0,2.0,1.0,-0.007692307692307739,0.01794871794871794,paired percentile bootstrap (2000 resamples of pairs),1.0,7.0,0.5300916186704566,0.41504353135769273,True,False,0.275240941281588,0.1111111111111111,0.06666666666666667,negligible,1.0,1.0,INDICATIVE,6.0 pares < 10; teste pequeno (65 < 150 amostras); p ajustado (Holm) não significativo; IC95% da diferença inclui 0; effect size abaixo de 'medium'; controlo negativo semântico não ultrapassado
synthetic_3class,owl_in_mlp,main,(1) O MLP Ontológico melhora o MLP Original (rótulos reais)?,mlp_ontological,mlp_original,balanced_accuracy_real_labels,ok,,n/a,n/a,True,65.0,holdout,6.0,0.8946608946608947,0.8896103896103896,0.005050505050505046,0.007575757575757569,3.0,2.0,1.0,-0.008297258297258324,0.018518518518518563,paired percentile bootstrap (2000 resamples of pairs),0.875,6.5,0.5498686717923854,0.4812104730751101,True,False,0.2616022824631768,0.16666666666666666,0.13333333333333333,small,,1.0,INDICATIVE,6.0 pares < 10; teste pequeno (65 < 150 amostras); p ajustado (Holm) não significativo; IC95% da diferença inclui 0; effect size abaixo de 'medium'; controlo negativo semântico não ultrapassado
synthetic_3class,owl_in_mlp,main,(1) O MLP Ontológico melhora o MLP Original (rótulos reais)?,mlp_ontological,mlp_original,macro_f1_real_labels,ok,,n/a,n/a,True,65.0,holdout,6.0,0.8952732447071492,0.8898887778412709,0.005384466865878419,0.007855123416726617,4.0,2.0,0.0,-0.007367632466223427,0.01843623373014177,paired percentile bootstrap (2000 resamples of pairs),0.5625,7.0,0.5087012202103647,0.5024037330793292,True,False,0.2903833355605706,0.1111111111111111,0.3333333333333333,medium,,1.0,INDICATIVE,6.0 pares < 10; teste pequeno (65 < 150 amostras); p ajustado (Holm) não significativo; IC95% da diferença inclui 0; controlo negativo semântico não ultrapassado
synthetic_3class,reloaded_architecture_sanity,sanity,Sanidade: Reloaded λ=0 (sem semântica) deve coincidir com o Original (mesma infraestrutura),reloaded_lambda0,trepan_original,fidelity_to_oracle,ok,,MLP Original,MLP Original,False,65.0,holdout,6.0,0.7999999999999999,0.7999999999999999,0.0,0.0,0.0,0.0,6.0,0.0,0.0,paired percentile bootstrap (2000 resamples of pairs),1.0,,1.0,,,False,0.0,0.0,0.0,negligible,1.0,1.0,IDENTICAL_RESULTS,todas as diferenças são 0 (resultados idênticos par a par)
synthetic_3class,reloaded_architecture_sanity,sanity,Sanidade: Reloaded λ=0 (sem semântica) deve coincidir com o Original (mesma infraestrutura),reloaded_lambda0,trepan_original,accuracy_real_labels,ok,,MLP Original,MLP Original,False,65.0,holdout,6.0,0.7999999999999999,0.7999999999999999,0.0,0.0,0.0,0.0,6.0,0.0,0.0,paired percentile bootstrap (2000 resamples of pairs),1.0,,1.0,,,False,0.0,0.0,0.0,negligible,1.0,1.0,IDENTICAL_RESULTS,todas as diferenças são 0 (resultados idênticos par a par)
synthetic_3class,reloaded_architecture_sanity,sanity,Sanidade: Reloaded λ=0 (sem semântica) deve coincidir com o Original (mesma infraestrutura),reloaded_lambda0,trepan_original,node_count,ok,,MLP Original,MLP Original,False,65.0,holdout,6.0,13.666666666666666,13.666666666666666,0.0,0.0,0.0,0.0,6.0,0.0,0.0,paired percentile bootstrap (2000 resamples of pairs),1.0,,1.0,,,False,0.0,0.0,0.0,negligible,,1.0,IDENTICAL_RESULTS,todas as diferenças são 0 (resultados idênticos par a par)
synthetic_3class,semantic_score_effect,main,(4) O score semântico (λ>0) altera a fidelidade face a λ=0?,reloaded_semantic_score,reloaded_lambda0,fidelity_to_oracle,ok,,MLP Original,MLP Original,True,65.0,holdout,6.0,0.8153846153846153,0.7999999999999999,0.015384615384615385,0.007692307692307665,3.0,2.0,1.0,-0.017948717948717958,0.06153846153846154,paired percentile bootstrap (2000 resamples of pairs),1.0,7.0,0.5359544851166353,0.054803461963466506,True,False,0.2711630722733202,0.19444444444444445,0.06666666666666667,negligible,1.0,1.0,INDICATIVE,6.0 pares < 10; teste pequeno (65 < 150 amostras); p ajustado (Holm) não significativo; IC95% da diferença inclui 0; effect size abaixo de 'medium'; controlo negativo semântico não ultrapassado
synthetic_3class,semantic_score_effect,main,(4) O score semântico (λ>0) altera a fidelidade face a λ=0?,reloaded_semantic_score,reloaded_lambda0,accuracy_real_labels,ok,,MLP Original,MLP Original,True,65.0,holdout,6.0,0.7974358974358974,0.7999999999999999,-0.0025641025641025736,-0.007692307692307665,3.0,3.0,0.0,-0.033333333333333326,0.030769230769230715,paired percentile bootstrap (2000 resamples of pairs),0.8125,9.0,0.8919814779905626,0.09897023072995353,True,False,-0.05832118435198067,-0.08333333333333333,-0.14285714285714285,small,1.0,1.0,INDICATIVE,6.0 pares < 10; teste pequeno (65 < 150 amostras); p ajustado (Holm) não significativo; IC95% da diferença inclui 0; effect size abaixo de 'medium'; controlo negativo semântico não ultrapassado
synthetic_3class,semantic_score_effect,main,(4) O score semântico (λ>0) altera a fidelidade face a λ=0?,reloaded_semantic_score,reloaded_lambda0,node_count,ok,,MLP Original,MLP Original,True,65.0,holdout,6.0,12.666666666666666,13.666666666666666,-1.0,0.0,2.0,2.0,2.0,-3.3333333333333335,1.3333333333333333,paired percentile bootstrap (2000 resamples of pairs),0.625,3.0,0.4895897445644277,0.20104540920365693,True,False,-0.30429030972509225,-0.19444444444444445,-0.4,medium,,1.0,INDICATIVE,6.0 pares < 10; teste pequeno (65 < 150 amostras); p ajustado (Holm) não significativo; IC95% da diferença inclui 0; controlo negativo semântico não ultrapassado
synthetic_3class,owl_features_effect,main,(4) As features OWL (sem score semântico) alteram a fidelidade?,reloaded_owl_features,reloaded_lambda0,fidelity_to_oracle,ok,,MLP Original,MLP Original,True,65.0,holdout,6.0,0.8102564102564102,0.7999999999999999,0.010256410256410239,0.007692307692307665,3.0,1.0,2.0,-0.010256410256410256,0.0282051282051282,paired percentile bootstrap (2000 resamples of pairs),0.5,2.5,0.39387970597647604,0.9181266189545868,True,False,0.3806934938134401,0.027777777777777776,0.5,large,1.0,1.0,INDICATIVE,6.0 pares < 10; teste pequeno (65 < 150 amostras); p ajustado (Holm) não significativo; IC95% da diferença inclui 0; controlo negativo semântico não ultrapassado
synthetic_3class,owl_features_effect,main,(4) As features OWL (sem score semântico) alteram a fidelidade?,reloaded_owl_features,reloaded_lambda0,accuracy_real_labels,ok,,MLP Original,MLP Original,True,65.0,holdout,6.0,0.8102564102564102,0.7999999999999999,0.010256410256410256,0.015384615384615385,3.0,1.0,2.0,-0.015384615384615366,0.030769230769230754,paired percentile bootstrap (2000 resamples of pairs),0.75,3.5,0.48376289371953335,0.40548455531849975,True,False,0.30860669992418405,0.08333333333333333,0.3,medium,1.0,1.0,INDICATIVE,6.0 pares < 10; teste pequeno (65 < 150 amostras); p ajustado (Holm) não significativo; IC95% da diferença inclui 0; controlo negativo semântico não ultrapassado
synthetic_3class,owl_features_effect,main,(4) As features OWL (sem score semântico) alteram a fidelidade?,reloaded_owl_features,reloaded_lambda0,node_count,ok,,MLP Original,MLP Original,True,65.0,holdout,6.0,13.666666666666666,13.666666666666666,0.0,0.0,0.0,0.0,6.0,0.0,0.0,paired percentile bootstrap (2000 resamples of pairs),1.0,,1.0,,,False,0.0,0.0,0.0,negligible,,1.0,IDENTICAL_RESULTS,todas as diferenças são 0 (resultados idênticos par a par)
synthetic_3class,owl_full_vs_architecture,main,(4) OWL completa vs mesma arquitectura sem semântica,reloaded_owl_full,reloaded_lambda0,fidelity_to_oracle,ok,,MLP Original,MLP Original,True,65.0,holdout,6.0,0.841025641025641,0.7999999999999999,0.04102564102564101,0.015384615384615385,4.0,1.0,1.0,-0.010256410256410256,0.10256410256410255,paired percentile bootstrap (2000 resamples of pairs),0.3125,3.0,0.2488288533928877,0.44349551957992867,True,False,0.5326236412913072,0.3055555555555556,0.6,large,1.0,1.0,INDICATIVE,6.0 pares < 10; teste pequeno (65 < 150 amostras); p ajustado (Holm) não significativo; IC95% da diferença inclui 0; controlo negativo semântico não ultrapassado
synthetic_3class,owl_full_vs_architecture,main,(4) OWL completa vs mesma arquitectura sem semântica,reloaded_owl_full,reloaded_lambda0,accuracy_real_labels,ok,,MLP Original,MLP Original,True,65.0,holdout,6.0,0.8128205128205127,0.7999999999999999,0.012820512820512811,0.007692307692307665,3.0,3.0,0.0,-0.03076923076923077,0.05641025641025641,paired percentile bootstrap (2000 resamples of pairs),0.65625,7.5,0.6332776467768041,0.40728148938353353,True,False,0.20725666807241944,-0.027777777777777776,0.2857142857142857,small,1.0,1.0,INDICATIVE,6.0 pares < 10; teste pequeno (65 < 150 amostras); p ajustado (Holm) não significativo; IC95% da diferença inclui 0; effect size abaixo de 'medium'; controlo negativo semântico não ultrapassado
synthetic_3class,owl_full_vs_architecture,main,(4) OWL completa vs mesma arquitectura sem semântica,reloaded_owl_full,reloaded_lambda0,node_count,ok,,MLP Original,MLP Original,True,65.0,holdout,6.0,13.666666666666666,13.666666666666666,0.0,0.0,2.0,2.0,2.0,-2.0,2.0,paired percentile bootstrap (2000 resamples of pairs),1.0,5.0,1.0,0.9599784992359675,True,False,0.0,-0.1111111111111111,0.0,negligible,,1.0,INDICATIVE,6.0 pares < 10; teste pequeno (65 < 150 amostras); p ajustado (Holm) não significativo; IC95% da diferença inclui 0; effect size abaixo de 'medium'; controlo negativo semântico não ultrapassado
synthetic_3class,reloaded_owl_vs_original_same_oracle,main,(3) Reloaded+OWL aumenta a fidelidade ao MESMO oráculo (MLP Original) vs Original?,reloaded_owl_full,trepan_original,fidelity_to_oracle,ok,,MLP Original,MLP Original,True,65.0,holdout,6.0,0.841025641025641,0.7999999999999999,0.04102564102564101,0.015384615384615385,4.0,1.0,1.0,-0.010256410256410256,0.10256410256410255,paired percentile bootstrap (2000 resamples of pairs),0.3125,3.0,0.2488288533928877,0.44349551957992867,True,False,0.5326236412913072,0.3055555555555556,0.6,large,1.0,1.0,INDICATIVE,6.0 pares < 10; teste pequeno (65 < 150 amostras); p ajustado (Holm) não significativo; IC95% da diferença inclui 0; controlo negativo semântico não ultrapassado
synthetic_3class,reloaded_owl_vs_original_same_oracle,main,(3) Reloaded+OWL aumenta a fidelidade ao MESMO oráculo (MLP Original) vs Original?,reloaded_owl_full,trepan_original,accuracy_real_labels,ok,,MLP Original,MLP Original,True,65.0,holdout,6.0,0.8128205128205127,0.7999999999999999,0.012820512820512811,0.007692307692307665,3.0,3.0,0.0,-0.03076923076923077,0.05641025641025641,paired percentile bootstrap (2000 resamples of pairs),0.65625,7.5,0.6332776467768041,0.40728148938353353,True,False,0.20725666807241944,-0.027777777777777776,0.2857142857142857,small,1.0,1.0,INDICATIVE,6.0 pares < 10; teste pequeno (65 < 150 amostras); p ajustado (Holm) não significativo; IC95% da diferença inclui 0; effect size abaixo de 'medium'; controlo negativo semântico não ultrapassado
synthetic_3class,reloaded_owl_vs_original_same_oracle,main,(3) Reloaded+OWL aumenta a fidelidade ao MESMO oráculo (MLP Original) vs Original?,reloaded_owl_full,trepan_original,node_count,ok,,MLP Original,MLP Original,True,65.0,holdout,6.0,13.666666666666666,13.666666666666666,0.0,0.0,2.0,2.0,2.0,-2.0,2.0,paired percentile bootstrap (2000 resamples of pairs),1.0,5.0,1.0,0.9599784992359675,True,False,0.0,-0.1111111111111111,0.0,negligible,,1.0,INDICATIVE,6.0 pares < 10; teste pequeno (65 < 150 amostras); p ajustado (Holm) não significativo; IC95% da diferença inclui 0; effect size abaixo de 'medium'; controlo negativo semântico não ultrapassado
synthetic_3class,NEGATIVE_CONTROL_real_vs_shuffled,negative_control,CONTROLO NEGATIVO: OWL real > OWL permutada? (sem isto não se atribui o ganho à ontologia),reloaded_owl_full,reloaded_owl_shuffled,fidelity_to_oracle,ok,,MLP Original,MLP Original,False,65.0,holdout,6.0,0.841025641025641,0.8153846153846153,0.025641025641025644,0.03076923076923077,3.0,2.0,1.0,-0.0282051282051282,0.07948717948717947,paired percentile bootstrap (2000 resamples of pairs),0.5,4.0,0.4449963787616139,0.6550145828088872,True,False,0.33833247622547935,0.027777777777777776,0.4666666666666667,medium,1.0,1.0,INDICATIVE,6.0 pares < 10; teste pequeno (65 < 150 amostras); p ajustado (Holm) não significativo; IC95% da diferença inclui 0
synthetic_3class,NEGATIVE_CONTROL_real_vs_shuffled,negative_control,CONTROLO NEGATIVO: OWL real > OWL permutada? (sem isto não se atribui o ganho à ontologia),reloaded_owl_full,reloaded_owl_shuffled,accuracy_real_labels,ok,,MLP Original,MLP Original,False,65.0,holdout,6.0,0.8128205128205127,0.7999999999999999,0.012820512820512811,0.007692307692307665,3.0,3.0,0.0,-0.05641025641025643,0.07435897435897439,paired percentile bootstrap (2000 resamples of pairs),0.75,8.5,0.7439938831522752,0.9906181543435765,True,False,0.14092616613855033,-0.05555555555555555,0.19047619047619047,small,1.0,1.0,INDICATIVE,6.0 pares < 10; teste pequeno (65 < 150 amostras); p ajustado (Holm) não significativo; IC95% da diferença inclui 0; effect size abaixo de 'medium'
synthetic_3class,NEGATIVE_CONTROL_real_vs_shuffled,negative_control,CONTROLO NEGATIVO: OWL real > OWL permutada? (sem isto não se atribui o ganho à ontologia),reloaded_owl_full,reloaded_owl_shuffled,node_count,ok,,MLP Original,MLP Original,False,65.0,holdout,6.0,13.666666666666666,14.333333333333334,-0.6666666666666666,0.0,0.0,2.0,4.0,-1.3333333333333333,0.0,paired percentile bootstrap (2000 resamples of pairs),0.5,0.0,0.17468781426411942,0.0013507528509294285,False,False,-0.6454972243679027,-0.2777777777777778,-1.0,large,,1.0,INDICATIVE,6.0 pares < 10; teste pequeno (65 < 150 amostras); p ajustado (Holm) não significativo; IC95% da diferença inclui 0
synthetic_3class,end_to_end_vs_original,end_to_end,(3) Pipeline completo (oráculo seleccionado) vs Original -> MLP Original,reloaded_e2e,trepan_original,accuracy_real_labels,ok,,MLP Ontológico;MLP Original,MLP Original,False,65.0,holdout,6.0,0.7999999999999999,0.7999999999999999,0.0,-0.03076923076923077,2.0,4.0,0.0,-0.041025641025641026,0.046153846153846156,paired percentile bootstrap (2000 resamples of pairs),0.9375,10.0,1.0,0.03129903929701362,False,False,0.0,-0.08333333333333333,0.047619047619047616,negligible,1.0,1.0,INDICATIVE,6.0 pares < 10; teste pequeno (65 < 150 amostras); p ajustado (Holm) não significativo; IC95% da diferença inclui 0; effect size abaixo de 'medium'
synthetic_3class,end_to_end_vs_original,end_to_end,(3) Pipeline completo (oráculo seleccionado) vs Original -> MLP Original,reloaded_e2e,trepan_original,fidelity_to_oracle,not_comparable,"oráculos diferentes (['MLP Ontológico', 'MLP Original'] vs ['MLP Original']): fidelity não comparável",MLP Ontológico;MLP Original,MLP Original,,,,,,,,,,,,,,,,,,,,,,,,,,,,
synthetic_3class,end_to_end_vs_original,end_to_end,(3) Pipeline completo (oráculo seleccionado) vs Original -> MLP Original,reloaded_e2e,trepan_original,node_count,ok,,MLP Ontológico;MLP Original,MLP Original,False,65.0,holdout,6.0,13.666666666666666,13.666666666666666,0.0,0.0,2.0,2.0,2.0,-2.0,2.0,paired percentile bootstrap (2000 resamples of pairs),1.0,5.0,1.0,0.9599784992359675,True,False,0.0,-0.1111111111111111,0.0,negligible,,1.0,INDICATIVE,6.0 pares < 10; teste pequeno (65 < 150 amostras); p ajustado (Holm) não significativo; IC95% da diferença inclui 0; effect size abaixo de 'medium'
synthetic_3class,c45_vs_trepan_original,baseline,Baseline supervisionada C4.5 vs TREPAN Original (accuracy vs rótulos reais),c45,trepan_original,accuracy_real_labels,ok,,n/a,MLP Original,False,65.0,holdout,6.0,0.8230769230769229,0.7999999999999999,0.023076923076923068,0.007692307692307665,3.0,2.0,1.0,-0.020512820512820513,0.06929487179487147,paired percentile bootstrap (2000 resamples of pairs),0.625,5.0,0.4248664185598922,0.584204718907929,True,False,0.35453959443529903,0.0,0.3333333333333333,medium,1.0,1.0,INDICATIVE,6.0 pares < 10; teste pequeno (65 < 150 amostras); p ajustado (Holm) não significativo; IC95% da diferença inclui 0
synthetic_3class,c45_vs_trepan_original,baseline,Baseline supervisionada C4.5 vs TREPAN Original (accuracy vs rótulos reais),c45,trepan_original,balanced_accuracy_real_labels,ok,,n/a,MLP Original,False,65.0,holdout,6.0,0.8229918229918228,0.8007455507455506,0.02224627224627229,0.004689754689754799,3.0,3.0,0.0,-0.021164021164021125,0.06893037518037515,paired percentile bootstrap (2000 resamples of pairs),0.6875,8.0,0.4363384976292671,0.4995552244072714,True,False,0.34523314004080435,-0.05555555555555555,0.23809523809523808,small,,1.0,INDICATIVE,6.0 pares < 10; teste pequeno (65 < 150 amostras); p ajustado (Holm) não significativo; IC95% da diferença inclui 0; effect size abaixo de 'medium'
synthetic_3class,c45_vs_trepan_original,baseline,Baseline supervisionada C4.5 vs TREPAN Original (accuracy vs rótulos reais),c45,trepan_original,node_count,ok,,n/a,MLP Original,False,65.0,holdout,6.0,31.0,13.666666666666666,17.333333333333332,16.0,6.0,0.0,0.0,15.333333333333334,19.666666666666668,paired percentile bootstrap (2000 resamples of pairs),0.03125,0.0,3.228577947586166e-05,0.21170547895978736,True,False,5.756496756010619,1.0,1.0,large,,0.53125,INDICATIVE,6.0 pares < 10; teste pequeno (65 < 150 amostras); p ajustado (Holm) não significativo
synthetic_3class,ablation_original_no_mofn,ablation,Ablação: Original sem m-of-n,trepan_original_no_mofn,trepan_original,fidelity_to_oracle,ok,,MLP Original,MLP Original,False,65.0,holdout,6.0,0.7871794871794872,0.7999999999999999,-0.01282051282051283,0.0,2.0,2.0,2.0,-0.05384615384615388,0.020512820512820534,paired percentile bootstrap (2000 resamples of pairs),0.875,4.0,0.5777039223837829,0.36692499947330415,True,False,-0.24293608512158524,-0.08333333333333333,-0.2,small,1.0,1.0,INDICATIVE,6.0 pares < 10; teste pequeno (65 < 150 amostras); p ajustado (Holm) não significativo; IC95% da diferença inclui 0; effect size abaixo de 'medium'
synthetic_3class,ablation_original_no_mofn,ablation,Ablação: Original sem m-of-n,trepan_original_no_mofn,trepan_original,node_count,ok,,MLP Original,MLP Original,False,65.0,holdout,6.0,14.666666666666666,13.666666666666666,1.0,0.0,2.0,1.0,3.0,-0.6666666666666666,3.0,paired percentile bootstrap (2000 resamples of pairs),0.75,1.5,0.4149542700797938,0.17767029914397064,True,False,0.36273812505500586,0.19444444444444445,0.5,large,,1.0,INDICATIVE,6.0 pares < 10; teste pequeno (65 < 150 amostras); p ajustado (Holm) não significativo; IC95% da diferença inclui 0
synthetic_3class,ablation_no_mofn,ablation,Ablação: Reloaded OWL sem m-of-n,reloaded_owl_full_no_mofn,reloaded_owl_full,fidelity_to_oracle,ok,,MLP Original,MLP Original,False,65.0,holdout,6.0,0.7384615384615385,0.841025641025641,-0.10256410256410259,-0.11538461538461542,0.0,6.0,0.0,-0.13333333333333333,-0.06410256410256414,paired percentile bootstrap (2000 resamples of pairs),0.03125,0.0,0.003172613907213673,0.24785345711135776,True,False,-2.166756950087199,-0.7222222222222222,-1.0,large,0.59375,0.53125,INDICATIVE,6.0 pares < 10; teste pequeno (65 < 150 amostras); p ajustado (Holm) não significativo
synthetic_3class,ablation_no_mofn,ablation,Ablação: Reloaded OWL sem m-of-n,reloaded_owl_full_no_mofn,reloaded_owl_full,node_count,ok,,MLP Original,MLP Original,False,65.0,holdout,6.0,14.0,13.666666666666666,0.3333333333333333,0.0,2.0,1.0,3.0,-0.6666666666666666,1.3333333333333333,paired percentile bootstrap (2000 resamples of pairs),1.0,2.0,0.6108811833962556,0.21170547895978764,True,False,0.2214037213850238,0.1388888888888889,0.3333333333333333,medium,,1.0,INDICATIVE,6.0 pares < 10; teste pequeno (65 < 150 amostras); p ajustado (Holm) não significativo; IC95% da diferença inclui 0
synthetic_3class,ablation_no_active_queries,ablation,Ablação: sem active queries,reloaded_owl_full_no_active_queries,reloaded_owl_full,fidelity_to_oracle,ok,,MLP Original,MLP Original,False,65.0,holdout,6.0,0.8025641025641025,0.841025641025641,-0.038461538461538436,-0.05384615384615382,2.0,4.0,0.0,-0.09230769230769227,0.02307692307692309,paired percentile bootstrap (2000 resamples of pairs),0.3125,5.0,0.30173671041983424,0.6318568440643316,True,False,-0.46994473774806994,-0.3055555555555556,-0.5238095238095238,large,1.0,1.0,INDICATIVE,6.0 pares < 10; teste pequeno (65 < 150 amostras); p ajustado (Holm) não significativo; IC95% da diferença inclui 0
synthetic_3class,ablation_no_active_queries,ablation,Ablação: sem active queries,reloaded_owl_full_no_active_queries,reloaded_owl_full,node_count,ok,,MLP Original,MLP Original,False,65.0,holdout,6.0,13.333333333333334,13.666666666666666,-0.3333333333333333,0.0,1.0,2.0,3.0,-1.3333333333333333,0.6666666666666666,paired percentile bootstrap (2000 resamples of pairs),1.0,2.0,0.6108811833962556,0.21170547895978686,True,False,-0.2214037213850238,-0.19444444444444445,-0.3333333333333333,medium,,1.0,INDICATIVE,6.0 pares < 10; teste pequeno (65 < 150 amostras); p ajustado (Holm) não significativo; IC95% da diferença inclui 0
synthetic_3class,ablation_no_error_focus,ablation,Ablação: sem refinamento focado no erro,reloaded_owl_full_no_error_focus,reloaded_owl_full,fidelity_to_oracle,ok,,MLP Original,MLP Original,False,65.0,holdout,6.0,0.7564102564102564,0.841025641025641,-0.08461538461538463,-0.08461538461538465,1.0,5.0,0.0,-0.1435897435897436,-0.023076923076923068,paired percentile bootstrap (2000 resamples of pairs),0.09375,1.5,0.05237175691792683,0.8721216958808542,True,False,-1.0338784230457545,-0.6388888888888888,-0.8571428571428571,large,1.0,1.0,INDICATIVE,6.0 pares < 10; teste pequeno (65 < 150 amostras); p ajustado (Holm) não significativo
synthetic_3class,ablation_no_error_focus,ablation,Ablação: sem refinamento focado no erro,reloaded_owl_full_no_error_focus,reloaded_owl_full,node_count,ok,,MLP Original,MLP Original,False,65.0,holdout,6.0,13.0,13.666666666666666,-0.6666666666666666,-1.0,1.0,3.0,2.0,-1.6666666666666667,0.6666666666666666,paired percentile bootstrap (2000 resamples of pairs),0.625,2.5,0.3632174676491229,0.09113502185141913,True,False,-0.408248290463863,-0.2222222222222222,-0.5,large,,1.0,INDICATIVE,6.0 pares < 10; teste pequeno (65 < 150 amostras); p ajustado (Holm) não significativo; IC95% da diferença inclui 0
