observation,multi_class,feature,orgFeatValue,orgAiProb,actPerturbedFeatValue,AiProbWithActPerturbation,estPerturbedFeatValue,errorPerturbation,regProbWithActPerturbation,errorRegProbActPerturb,orgClass,desired_class,cf_vector
4,LIVE,num__feature_3,0.0,1,0.9536144578313251,0,0.43090191822506824,0.5227125396062569,0.044734123114535666,0.044734123114535666,1,1,"[1.         0.56923077 0.43090192 0.         1.         0.
 0.         1.         0.         0.         1.         0.
 1.         1.         0.35064935 0.32713755 0.09922179 0.3255814
 0.61      ]"
4,LIVE,num__feature_5,1.0,1,0.203012048192771,0,0.6457474928248933,0.44273544463212233,0.04093839833074058,0.04093839833074058,1,1,"[1.         0.56923077 0.         0.         0.64574749 0.
 0.         1.         0.         0.         1.         0.
 1.         1.         0.35064935 0.32713755 0.09922179 0.3255814
 0.61      ]"
4,LIVE,num__feature_12,0.0,1,0.9054216867469878,0,0.44015122475814555,0.4652704619888422,0.06491338589926364,0.06491338589926364,1,1,"[1.         0.56923077 0.         0.         1.         0.
 0.         1.         0.         0.         1.         0.44015122
 1.         1.         0.35064935 0.32713755 0.09922179 0.3255814
 0.61      ]"
6,LIVE,num__feature_2,0.4615384615384615,0,0.7785833487797342,0,-4.570616061013957,5.349199409793691,0.9999999999931546,0.9999999999931546,0,1,"[0.         0.         0.         1.         1.         0.
 1.         1.         1.         1.         1.         0.
 1.         1.         0.03896104 0.15241636 0.02723735 0.48837209
 0.61      ]"
6,LIVE,num__feature_4,1.0,0,0.5761044176706827,1,3.4997218962837064,2.923617478613024,0.99999999999948,5.200284647344233e-13,0,1,"[0.         0.46153846 0.         1.         1.         0.
 1.         1.         1.         1.         1.         0.
 1.         1.         0.03896104 0.15241636 0.02723735 0.48837209
 0.61      ]"
6,LIVE,num__feature_7,1.0,0,0.2869477911646586,1,4.659257898709303,4.372310107544644,0.9999999999997178,2.822186928597148e-13,0,1,"[0.         0.46153846 0.         1.         1.         0.
 1.         1.         1.         1.         1.         0.
 1.         1.         0.03896104 0.15241636 0.02723735 0.48837209
 0.61      ]"
6,LIVE,num__feature_10,1.0,0,0.4516064257028111,1,2.3311074623624104,1.8795010366595992,0.9999999965970803,3.4029197237828157e-09,0,1,"[0.         0.46153846 0.         1.         1.         0.
 1.         1.         1.         1.         1.         0.
 1.         1.         0.03896104 0.15241636 0.02723735 0.48837209
 0.61      ]"
6,LIVE,num__feature_11,1.0,0,0.552008032128514,0,7.497252224733696,6.945244192605182,0.9999999998136062,0.9999999998136062,0,1,"[0.         0.46153846 0.         1.         1.         0.
 1.         1.         1.         1.         1.         0.
 1.         1.         0.03896104 0.15241636 0.02723735 0.48837209
 0.61      ]"
6,LIVE,num__feature_13,1.0,0,0.6765060240963855,0,4.404204413201502,3.7276983891051167,0.9999999987105184,0.9999999987105184,0,1,"[0.         0.46153846 0.         1.         1.         0.
 1.         1.         1.         1.         1.         0.
 1.         1.         0.03896104 0.15241636 0.02723735 0.48837209
 0.61      ]"
6,LIVE,num__feature_14,1.0,0,0.7447791164658633,1,2.322071949447615,1.5772928329817517,0.9999999265812095,7.341879049160838e-08,0,1,"[0.         0.46153846 0.         1.         1.         0.
 1.         1.         1.         1.         1.         0.
 1.         1.         0.03896104 0.15241636 0.02723735 0.48837209
 0.61      ]"
6,LIVE,num__feature_15,0.03896103896103895,0,0.4238145569290135,0,-5.89293318756151,6.316747744490523,0.9999999999944822,0.9999999999944822,0,1,"[0.         0.46153846 0.         1.         1.         0.
 1.         1.         1.         1.         1.         0.
 1.         1.         0.         0.15241636 0.02723735 0.48837209
 0.61      ]"
6,LIVE,num__feature_16,0.1524163568773234,0,0.42516054552783616,0,-2.39901965480466,2.824180200332496,0.9999999999995677,0.9999999999995677,0,1,"[0.         0.46153846 0.         1.         1.         0.
 1.         1.         1.         1.         1.         0.
 1.         1.         0.03896104 0.         0.02723735 0.48837209
 0.61      ]"
6,LIVE,num__feature_17,0.027237354085603113,0,0.49139823496319773,1,-2.701965625122441,3.1933638600856384,0.9999999999996136,3.863576125695545e-13,0,1,"[0.         0.46153846 0.         1.         1.         0.
 1.         1.         1.         1.         1.         0.
 1.         1.         0.03896104 0.15241636 0.         0.48837209
 0.61      ]"
7,LIVE,num__feature_1,0.0,1,0.13835341365461845,0,5.09511585411929,4.956762440464671,1.0,1.0,1,1,"[1.         0.53846154 0.         0.         0.         0.
 0.         1.         1.         1.         1.         0.
 1.         1.         0.02597403 0.133829   0.10505837 0.39534884
 0.29      ]"
7,LIVE,num__feature_2,0.5384615384615385,1,0.44540818659252396,0,-2.22838779600291,2.673795982595434,1.0,1.0,1,1,"[0.         0.         0.         0.         0.         0.
 0.         1.         1.         1.         1.         0.
 1.         1.         0.02597403 0.133829   0.10505837 0.39534884
 0.29      ]"
7,LIVE,num__feature_3,0.0,1,0.09417670682730919,0,4.267168899728896,4.172992192901586,1.0,1.0,1,1,"[0.         0.53846154 1.         0.         0.         0.
 0.         1.         1.         1.         1.         0.
 1.         1.         0.02597403 0.133829   0.10505837 0.39534884
 0.29      ]"
7,LIVE,num__feature_4,0.0,1,0.12228915662650594,1,6.444571044238931,6.322281887612425,1.0,0.0,1,1,"[0.         0.53846154 0.         1.         0.         0.
 0.         1.         1.         1.         1.         0.
 1.         1.         0.02597403 0.133829   0.10505837 0.39534884
 0.29      ]"
7,LIVE,num__feature_6,0.0,1,0.42751004016064253,1,-25.48317889147426,25.9106889316349,1.0,0.0,1,1,"[0.         0.53846154 0.         0.         0.         0.
 0.         1.         1.         1.         1.         0.
 1.         1.         0.02597403 0.133829   0.10505837 0.39534884
 0.29      ]"
7,LIVE,num__feature_7,0.0,1,0.2066265060240963,0,4.184114124295806,3.9774876182717094,1.0,1.0,1,1,"[0.         0.53846154 0.         0.         0.         0.
 1.         1.         1.         1.         1.         0.
 1.         1.         0.02597403 0.133829   0.10505837 0.39534884
 0.29      ]"
7,LIVE,num__feature_8,1.0,1,0.8977911646586344,0,-1.6524890296286634,2.5502801942872977,1.0,1.0,1,1,"[0.         0.53846154 0.         0.         0.         0.
 0.         0.         1.         1.         1.         0.
 1.         1.         0.02597403 0.133829   0.10505837 0.39534884
 0.29      ]"
7,LIVE,num__feature_9,1.0,1,0.8375502008032129,0,-4.218985157603273,5.056535358406485,1.0,1.0,1,1,"[0.         0.53846154 0.         0.         0.         0.
 0.         1.         0.         1.         1.         0.
 1.         1.         0.02597403 0.133829   0.10505837 0.39534884
 0.29      ]"
7,LIVE,num__feature_12,0.0,1,0.09016064257028104,0,3.829237881761894,3.739077239191613,1.0,1.0,1,1,"[0.         0.53846154 0.         0.         0.         0.
 0.         1.         1.         1.         1.         1.
 1.         1.         0.02597403 0.133829   0.10505837 0.39534884
 0.29      ]"
7,LIVE,num__feature_16,0.13382899628252787,1,0.056174713724787564,1,-2.8222461204067755,2.878420834131563,1.0,0.0,1,1,"[0.         0.53846154 0.         0.         0.         0.
 0.         1.         1.         1.         1.         0.
 1.         1.         0.02597403 0.         0.10505837 0.39534884
 0.29      ]"
7,LIVE,num__feature_18,0.39534883720930214,1,0.5344823479966372,0,3.795004870018802,3.260522522022165,1.0,1.0,1,1,"[0.         0.53846154 0.         0.         0.         0.
 0.         1.         1.         1.         1.         0.
 1.         1.         0.02597403 0.133829   0.10505837 1.
 0.29      ]"
7,LIVE,num__feature_19,0.29,1,0.4186846184738956,1,5.428820374722251,5.0101357562483555,1.0,0.0,1,1,"[0.         0.53846154 0.         0.         0.         0.
 0.         1.         1.         1.         1.         0.
 1.         1.         0.02597403 0.133829   0.10505837 0.39534884
 1.        ]"
11,LIVE,num__feature_1,1.0,0,0.2869477911646586,0,-0.44565146715985576,0.7325992583245144,0.021994513155959936,0.021994513155959936,0,1,"[0.         0.56923077 0.         0.         1.         0.
 0.         1.         1.         1.         1.         1.
 1.         1.         0.16883117 0.15613383 0.10505837 0.37209302
 0.61      ]"
11,LIVE,num__feature_10,1.0,0,0.16646586345381525,0,-0.2452741371438454,0.4117400005976607,0.07756418189204993,0.07756418189204993,0,1,"[1.         0.56923077 0.         0.         1.         0.
 0.         1.         1.         0.         1.         1.
 1.         1.         0.16883117 0.15613383 0.10505837 0.37209302
 0.61      ]"
11,LIVE,num__feature_11,1.0,0,0.32710843373493975,0,-0.12818553803275007,0.4552939717676898,0.04644366281492994,0.04644366281492994,0,1,"[1.         0.56923077 0.         0.         1.         0.
 0.         1.         1.         1.         0.         1.
 1.         1.         0.16883117 0.15613383 0.10505837 0.37209302
 0.61      ]"
11,LIVE,num__feature_12,1.0,0,0.5359437751004015,0,-0.19277418984171332,0.7287179649421148,0.0102025174310704,0.0102025174310704,0,1,"[1.         0.56923077 0.         0.         1.         0.
 0.         1.         1.         1.         1.         0.
 1.         1.         0.16883117 0.15613383 0.10505837 0.37209302
 0.61      ]"
11,LIVE,num__feature_13,1.0,0,0.5038152610441766,0,-0.1340974880841491,0.6379127491283257,0.014600424308076888,0.014600424308076888,0,1,"[1.         0.56923077 0.         0.         1.         0.
 0.         1.         1.         1.         1.         1.
 0.         1.         0.16883117 0.15613383 0.10505837 0.37209302
 0.61      ]"
11,LIVE,num__feature_14,1.0,0,0.6162650602409638,0,0.19652357934766718,0.41974148089329666,0.01961053145300703,0.01961053145300703,0,1,"[1.         0.56923077 0.         0.         1.         0.
 0.         1.         1.         1.         1.         1.
 1.         0.19652358 0.16883117 0.15613383 0.10505837 0.37209302
 0.61      ]"
11,LIVE,num__feature_15,0.16883116883116883,0,0.7552457361915168,1,0.6818771342323044,0.07336860195921235,0.7447596759141297,0.2552403240858703,0,1,"[1.         0.56923077 0.         0.         1.         0.
 0.         1.         1.         1.         1.         1.
 1.         1.         0.68187713 0.15613383 0.10505837 0.37209302
 0.61      ]"
11,LIVE,num__feature_16,0.15613382899628253,0,0.5668247488093636,0,1.031788891635629,0.4649641428262654,0.018412218224614682,0.018412218224614682,0,1,"[1.         0.56923077 0.         0.         1.         0.
 0.         1.         1.         1.         1.         1.
 1.         1.         0.16883117 1.         0.10505837 0.37209302
 0.61      ]"
12,LIVE,num__feature_1,0.0,1,0.941566265060241,0,3.066497683660779,2.1249314186005384,0.9999992242963942,0.9999992242963942,1,1,"[1.         0.67692308 0.         0.         1.         0.
 1.         0.         1.         1.         0.         0.
 1.         1.         0.09090909 0.21933086 0.08560311 0.44186047
 0.61      ]"
12,LIVE,num__feature_3,0.0,1,0.6443775100401606,1,5.212451524964596,4.568074014924435,0.9999999812813102,1.871868982039615e-08,1,1,"[0.         0.67692308 1.         0.         1.         0.
 1.         0.         1.         1.         0.         0.
 1.         1.         0.09090909 0.21933086 0.08560311 0.44186047
 0.61      ]"
12,LIVE,num__feature_4,0.0,1,0.8451807228915661,0,2.998086915305138,2.152906192413572,0.9999995344221282,0.9999995344221282,1,1,"[0.         0.67692308 0.         1.         1.         0.
 1.         0.         1.         1.         0.         0.
 1.         1.         0.09090909 0.21933086 0.08560311 0.44186047
 0.61      ]"
12,LIVE,num__feature_5,1.0,1,0.46004016064257025,0,-1.162172596801541,1.6222127574441112,0.9999997577483893,0.9999997577483893,1,1,"[0.         0.67692308 0.         0.         0.         0.
 1.         0.         1.         1.         0.         0.
 1.         1.         0.09090909 0.21933086 0.08560311 0.44186047
 0.61      ]"
12,LIVE,num__feature_11,0.0,1,0.8933734939759036,1,19.457153187169194,18.56377969319329,0.99999999613577,3.864230047057049e-09,1,1,"[0.         0.67692308 0.         0.         1.         0.
 1.         0.         1.         1.         1.         0.
 1.         1.         0.09090909 0.21933086 0.08560311 0.44186047
 0.61      ]"
12,LIVE,num__feature_12,0.0,1,0.6082329317269075,0,2.7644305821040427,2.156197650377135,0.9999998674752284,0.9999998674752284,1,1,"[0.         0.67692308 0.         0.         1.         0.
 1.         0.         1.         1.         0.         1.
 1.         1.         0.09090909 0.21933086 0.08560311 0.44186047
 0.61      ]"
17,LIVE,num__feature_1,1.0,0,0.2909638554216867,0,5.383103773875407,5.09213991845372,0.004007065031485567,0.004007065031485567,0,1,"[1.         0.32307692 0.         1.         1.         0.
 0.         0.         1.         1.         1.         0.
 0.         1.         0.09090909 0.21933086 0.01167315 0.44186047
 0.61      ]"
17,LIVE,num__feature_2,0.3230769230769231,0,0.8063479456286685,1,0.7106990850634319,0.09564886056523658,0.7634206603141831,0.2365793396858169,0,1,"[1.         0.71069909 0.         1.         1.         0.
 0.         0.         1.         1.         1.         0.
 0.         1.         0.09090909 0.21933086 0.01167315 0.44186047
 0.61      ]"
17,LIVE,num__feature_4,1.0,0,0.35923694779116455,0,0.029654435074262797,0.32958251271690175,0.16623224605099426,0.16623224605099426,0,1,"[1.         0.32307692 0.         0.02965444 1.         0.
 0.         0.         1.         1.         1.         0.
 0.         1.         0.09090909 0.21933086 0.01167315 0.44186047
 0.61      ]"
17,LIVE,num__feature_8,0.0,0,0.5283132530120481,1,0.3903840211765801,0.137929231835468,0.8425641523330312,0.15743584766696883,0,1,"[1.         0.32307692 0.         1.         1.         0.
 0.         0.39038402 1.         1.         1.         0.
 0.         1.         0.09090909 0.21933086 0.01167315 0.44186047
 0.61      ]"
17,LIVE,num__feature_10,1.0,0,0.17048192771084333,1,0.5977202684021878,0.4272383406913445,0.9935821264261386,0.006417873573861366,0,1,"[1.         0.32307692 0.         1.         1.         0.
 0.         0.         1.         0.59772027 1.         0.
 0.         1.         0.09090909 0.21933086 0.01167315 0.44186047
 0.61      ]"
17,LIVE,num__feature_11,1.0,0,0.3190763052208834,1,0.5447885537253914,0.22571224850450794,0.9132585439656375,0.08674145603436245,0,1,"[1.         0.32307692 0.         1.         1.         0.
 0.         0.         1.         1.         0.54478855 0.
 0.         1.         0.09090909 0.21933086 0.01167315 0.44186047
 0.61      ]"
17,LIVE,num__feature_14,1.0,0,0.6122489959839357,1,0.6366067551549979,0.0243577591710622,0.5788928178848737,0.4211071821151263,0,1,"[1.         0.32307692 0.         1.         1.         0.
 0.         0.         1.         1.         1.         0.
 0.         0.63660676 0.09090909 0.21933086 0.01167315 0.44186047
 0.61      ]"
17,LIVE,num__feature_15,0.09090909090909091,0,0.6751195170291534,0,0.7882412631683149,0.11312174613916148,0.31644218966461957,0.31644218966461957,0,1,"[1.         0.32307692 0.         1.         1.         0.
 0.         0.         1.         1.         1.         0.
 0.         1.         0.78824126 0.21933086 0.01167315 0.44186047
 0.61      ]"
17,LIVE,num__feature_16,0.21933085501858735,0,0.6327150759170509,1,0.5021251168707099,0.13058995904634096,0.8995649369284896,0.1004350630715104,0,1,"[1.         0.32307692 0.         1.         1.         0.
 0.         0.         1.         1.         1.         0.
 0.         1.         0.09090909 0.50212512 0.01167315 0.44186047
 0.61      ]"
17,LIVE,num__feature_17,0.011673151750972763,0,0.7136044137640034,0,1.1488108988637926,0.4352064850997892,0.1397902498649598,0.1397902498649598,0,1,"[1.         0.32307692 0.         1.         1.         0.
 0.         0.         1.         1.         1.         0.
 0.         1.         0.09090909 0.21933086 1.         0.44186047
 0.61      ]"
18,LIVE,num__feature_3,0.0,1,0.6524096385542169,1,1.0981282331189413,0.4457185945647244,0.8696592085002635,0.13034079149973654,1,1,"[1.         0.83076923 1.         0.         1.         0.
 0.         1.         0.         0.         1.         0.
 1.         1.         0.06493506 0.18215613 0.01167315 0.46511628
 0.61      ]"
18,LIVE,num__feature_4,0.0,1,0.8572289156626505,1,1.6553475295591904,0.7981186138965399,0.9050401497600155,0.09495985023998454,1,1,"[1.         0.83076923 0.         1.         1.         0.
 0.         1.         0.         0.         1.         0.
 1.         1.         0.06493506 0.18215613 0.01167315 0.46511628
 0.61      ]"
18,LIVE,num__feature_5,1.0,1,0.45602409638554214,1,-0.07515167450592396,0.5311757708914661,0.9097164340481483,0.09028356595185172,1,1,"[1.         0.83076923 0.         0.         0.         0.
 0.         1.         0.         0.         1.         0.
 1.         1.         0.06493506 0.18215613 0.01167315 0.46511628
 0.61      ]"
18,LIVE,num__feature_8,1.0,1,0.2953815261044176,0,0.38314179482230326,0.08776026871788567,0.33955969959048604,0.33955969959048604,1,1,"[1.         0.83076923 0.         0.         1.         0.
 0.         0.38314179 0.         0.         1.         0.
 1.         1.         0.06493506 0.18215613 0.01167315 0.46511628
 0.61      ]"
18,LIVE,num__feature_12,0.0,1,0.6202811244979919,1,1.823730223337444,1.2034490988394522,0.9562961219086421,0.043703878091357895,1,1,"[1.         0.83076923 0.         0.         1.         0.
 0.         1.         0.         0.         1.         1.
 1.         1.         0.06493506 0.18215613 0.01167315 0.46511628
 0.61      ]"
19,LIVE,num__feature_3,0.0,1,0.8170682730923694,0,1.6616863247995728,0.8446180517072034,0.990830799442097,0.990830799442097,1,1,"[0.         0.75384615 1.         0.         1.         0.
 0.         0.         0.         0.         1.         0.
 1.         1.         0.33766234 0.23791822 0.27042802 0.44186047
 0.61      ]"
19,LIVE,num__feature_5,1.0,1,0.31947791164658623,1,-2.470512788419587,2.7899907000661734,0.9993928744923718,0.0006071255076282034,1,1,"[0.         0.75384615 0.         0.         0.         0.
 0.         0.         0.         0.         1.         0.
 1.         1.         0.33766234 0.23791822 0.27042802 0.44186047
 0.61      ]"
19,LIVE,num__feature_12,0.0,1,0.7728915662650601,0,1.9657318852052148,1.1928403189401546,0.9962803332622444,0.9962803332622444,1,1,"[0.         0.75384615 0.         0.         1.         0.
 0.         0.         0.         0.         1.         1.
 1.         1.         0.33766234 0.23791822 0.27042802 0.44186047
 0.61      ]"
23,LIVE,num__feature_1,0.0,1,0.5961847389558232,0,4.825238345904066,4.229053606948243,0.9999999999778137,0.9999999999778137,1,1,"[1.         0.47692308 0.         0.         1.         1.
 1.         1.         1.         0.         1.         1.
 1.         1.         0.01298701 0.80669145 0.06809339 0.39534884
 0.9       ]"
23,LIVE,num__feature_3,0.0,1,0.4114457831325301,1,5.0726127677683115,4.6611669846357815,0.999999999993237,6.7630345768066036e-12,1,1,"[0.         0.47692308 1.         0.         1.         1.
 1.         1.         1.         0.         1.         1.
 1.         1.         0.01298701 0.80669145 0.06809339 0.39534884
 0.9       ]"
23,LIVE,num__feature_4,0.0,1,0.5359437751004015,0,4.872804102190526,4.3368603270901245,0.9999999999848246,0.9999999999848246,1,1,"[0.         0.47692308 0.         1.         1.         1.
 1.         1.         1.         0.         1.         1.
 1.         1.         0.01298701 0.80669145 0.06809339 0.39534884
 0.9       ]"
23,LIVE,num__feature_5,1.0,1,0.6568273092369478,0,-2.4827942599061283,3.139621569143076,0.9999999999889866,0.9999999999889866,1,1,"[0.         0.47692308 0.         0.         0.         1.
 1.         1.         1.         0.         1.         1.
 1.         1.         0.01298701 0.80669145 0.06809339 0.39534884
 0.9       ]"
23,LIVE,num__feature_8,1.0,1,0.5564257028112449,0,-3.176037264930466,3.7324629677417107,0.9999999999863434,0.9999999999863434,1,1,"[0.         0.47692308 0.         0.         1.         1.
 1.         0.         1.         0.         1.         1.
 1.         1.         0.01298701 0.80669145 0.06809339 0.39534884
 0.9       ]"
23,LIVE,num__feature_9,1.0,1,0.3034136546184738,0,-3.9337955631552783,4.237209217773752,0.9999999999636584,0.9999999999636584,1,1,"[0.         0.47692308 0.         0.         1.         1.
 1.         1.         0.         0.         1.         1.
 1.         1.         0.01298701 0.80669145 0.06809339 0.39534884
 0.9       ]"
23,LIVE,num__feature_10,0.0,1,0.696586345381526,0,7.261887527566905,6.565301182185379,0.9999999999897624,0.9999999999897624,1,1,"[0.         0.47692308 0.         0.         1.         1.
 1.         1.         1.         1.         1.         1.
 1.         1.         0.01298701 0.80669145 0.06809339 0.39534884
 0.9       ]"
23,LIVE,num__feature_16,0.8066914498141263,1,0.45810570908167964,0,-3.7932234775583544,4.251329186640034,0.9999999999999762,0.9999999999999762,1,1,"[0.         0.47692308 0.         0.         1.         1.
 1.         1.         1.         0.         1.         1.
 1.         1.         0.01298701 0.         0.06809339 0.39534884
 0.9       ]"
25,LIVE,num__feature_5,0.0,0,0.7973895582329316,1,0.5808478516269495,0.21654170660598204,0.893591289296118,0.10640871070388203,0,1,"[1.         0.64615385 0.         0.         0.58084785 0.
 0.         0.         1.         0.         1.         0.
 1.         1.         0.03896104 0.21933086 0.06614786 0.37209302
 0.61      ]"
25,LIVE,num__feature_13,1.0,0,0.04196787148594375,0,-0.34470996202608106,0.3866778335120248,0.16227941528467518,0.16227941528467518,0,1,"[1.         0.64615385 0.         0.         0.         0.
 0.         0.         1.         0.         1.         0.
 0.         1.         0.03896104 0.21933086 0.06614786 0.37209302
 0.61      ]"
25,LIVE,num__feature_14,1.0,0,0.25080321285140555,0,-0.306809560869137,0.5576127737205425,0.08049842540530971,0.08049842540530971,0,1,"[1.         0.64615385 0.         0.         0.         0.
 0.         0.         1.         0.         1.         0.
 1.         0.         0.03896104 0.21933086 0.06614786 0.37209302
 0.61      ]"
29,LIVE,num__feature_1,0.0,1,0.62429718875502,1,15.472121260944924,14.847824072189903,1.0,0.0,1,1,"[1.         0.84615385 0.         0.         1.         0.
 0.         1.         1.         1.         1.         1.
 1.         1.         0.09090909 0.21933086 0.08949416 0.44186047
 0.61      ]"
29,LIVE,num__feature_2,0.8461538461538463,1,0.423813500154464,0,-3.50474964903317,3.9285631491876343,1.0,1.0,1,1,"[0.         0.         0.         0.         1.         0.
 0.         1.         1.         1.         1.         1.
 1.         1.         0.09090909 0.21933086 0.08949416 0.44186047
 0.61      ]"
29,LIVE,num__feature_3,0.0,1,0.42751004016064253,0,4.278973846159921,3.8514638059992787,1.0,1.0,1,1,"[0.         0.84615385 1.         0.         1.         0.
 0.         1.         1.         1.         1.         1.
 1.         1.         0.09090909 0.21933086 0.08949416 0.44186047
 0.61      ]"
29,LIVE,num__feature_4,0.0,1,0.5600401606425702,0,5.752466705330992,5.192426544688422,1.0,1.0,1,1,"[0.         0.84615385 0.         1.         1.         0.
 0.         1.         1.         1.         1.         1.
 1.         1.         0.09090909 0.21933086 0.08949416 0.44186047
 0.61      ]"
29,LIVE,num__feature_5,1.0,1,0.6447791164658634,1,-5.821640559428288,6.4664196758941515,1.0,0.0,1,1,"[0.         0.84615385 0.         0.         0.         0.
 0.         1.         1.         1.         1.         1.
 1.         1.         0.09090909 0.21933086 0.08949416 0.44186047
 0.61      ]"
29,LIVE,num__feature_7,0.0,1,0.9295180722891564,1,37.13072426431966,36.201206192030504,1.0,0.0,1,1,"[0.         0.84615385 0.         0.         1.         0.
 1.         1.         1.         1.         1.         1.
 1.         1.         0.09090909 0.21933086 0.08949416 0.44186047
 0.61      ]"
29,LIVE,num__feature_8,1.0,1,0.5403614457831325,0,-3.5105340615209792,4.050895507304112,1.0,1.0,1,1,"[0.         0.84615385 0.         0.         1.         0.
 0.         0.         1.         1.         1.         1.
 1.         1.         0.09090909 0.21933086 0.08949416 0.44186047
 0.61      ]"
29,LIVE,num__feature_9,1.0,1,0.25923694779116463,1,-1.5704026997976388,1.8296396475888035,0.9999999999999996,4.440892098500626e-16,1,1,"[0.         0.84615385 0.         0.         1.         0.
 0.         1.         0.         1.         1.         1.
 1.         1.         0.09090909 0.21933086 0.08949416 0.44186047
 0.61      ]"
30,LIVE,num__feature_1,1.0,0,0.7046184738955823,0,0.564284798926171,0.1403336749694113,0.13088354959794715,0.13088354959794715,0,1,"[0.5642848  0.41538462 0.         0.         1.         0.
 1.         1.         0.         0.         1.         0.
 1.         1.         0.09090909 0.17100372 0.06225681 0.53488372
 0.57      ]"
30,LIVE,num__feature_2,0.4153846153846154,0,0.6150807228915663,1,0.6267713563569043,0.01169063346533794,0.4194381637385062,0.5805618362614938,0,1,"[1.         0.62677136 0.         0.         1.         0.
 1.         1.         0.         0.         1.         0.
 1.         1.         0.09090909 0.17100372 0.06225681 0.53488372
 0.57      ]"
30,LIVE,num__feature_7,1.0,0,0.5600401606425702,0,0.29532459293695235,0.2647155677056179,0.0990246186644198,0.0990246186644198,0,1,"[1.         0.41538462 0.         0.         1.         0.
 0.29532459 1.         0.         0.         1.         0.
 1.         1.         0.09090909 0.17100372 0.06225681 0.53488372
 0.57      ]"
30,LIVE,num__feature_9,0.0,0,0.34759036144578304,0,0.6249879342320918,0.2773975727863087,0.06856635853451673,0.06856635853451673,0,1,"[1.         0.41538462 0.         0.         1.         0.
 1.         1.         0.62498793 0.         1.         0.
 1.         1.         0.09090909 0.17100372 0.06225681 0.53488372
 0.57      ]"
30,LIVE,num__feature_11,1.0,0,0.7206827309236947,0,0.639809978507801,0.08087275241589376,0.2108552868095007,0.2108552868095007,0,1,"[1.         0.41538462 0.         0.         1.         0.
 1.         1.         0.         0.         0.63980998 0.
 1.         1.         0.09090909 0.17100372 0.06225681 0.53488372
 0.57      ]"
30,LIVE,num__feature_13,1.0,0,0.7929718875502006,1,0.802546276322137,0.009574388771936393,0.5707766116029096,0.4292233883970904,0,1,"[1.         0.41538462 0.         0.         1.         0.
 1.         1.         0.         0.         1.         0.
 0.80254628 1.         0.09090909 0.17100372 0.06225681 0.53488372
 0.57      ]"
30,LIVE,num__feature_14,1.0,0,0.8411646586345382,0,0.7866465760098109,0.05451808262472724,0.1821267759164865,0.1821267759164865,0,1,"[1.         0.41538462 0.         0.         1.         0.
 1.         1.         0.         0.         1.         0.
 1.         0.78664658 0.09090909 0.17100372 0.06225681 0.53488372
 0.57      ]"
30,LIVE,num__feature_15,0.09090909090909091,0,0.3327620351536003,0,0.3657965433135617,0.033034508159961395,0.33039750734059153,0.33039750734059153,0,1,"[1.         0.41538462 0.         0.         1.         0.
 1.         1.         0.         0.         1.         0.
 1.         1.         0.36579654 0.17100372 0.06225681 0.53488372
 0.57      ]"
30,LIVE,num__feature_16,0.17100371747211895,0,0.34279763664322704,1,0.3102991799913144,0.032498456651912644,0.7976020954675935,0.20239790453240647,0,1,"[1.         0.41538462 0.         0.         1.         0.
 1.         1.         0.         0.         1.         0.
 1.         1.         0.09090909 0.31029918 0.06225681 0.53488372
 0.57      ]"
30,LIVE,num__feature_17,0.0622568093385214,0,0.35560557014048316,1,0.2580323127650839,0.09757325737539924,0.9492885900032813,0.05071140999671875,0,1,"[1.         0.41538462 0.         0.         1.         0.
 1.         1.         0.         0.         1.         0.
 1.         1.         0.09090909 0.17100372 0.25803231 0.53488372
 0.57      ]"
30,LIVE,num__feature_18,0.5348837209302326,0,0.23677057065471163,1,0.30418089907392637,0.06741032841921474,0.8478101211828946,0.15218987881710544,0,1,"[1.         0.41538462 0.         0.         1.         0.
 1.         1.         0.         0.         1.         0.
 1.         1.         0.09090909 0.17100372 0.06225681 0.3041809
 0.57      ]"
30,LIVE,num__feature_19,0.5700000000000001,0,0.29516895582329317,1,0.3980634708171568,0.10289451499386365,0.9711861931780008,0.02881380682199919,0,1,"[1.         0.41538462 0.         0.         1.         0.
 1.         1.         0.         0.         1.         0.
 1.         1.         0.09090909 0.17100372 0.06225681 0.53488372
 0.39806347]"
31,LIVE,num__feature_12,1.0,0,0.025903614457831244,1,0.39313844755744976,0.3672348330996185,0.8728441383415557,0.12715586165844428,0,1,"[1.         0.83076923 0.         0.         1.         0.
 1.         1.         0.         0.         1.         0.39313845
 1.         1.         0.12987013 0.19330855 0.02140078 0.39534884
 1.        ]"
31,LIVE,num__feature_14,1.0,0,0.19056224899598384,1,0.452753012613063,0.26219076361707916,0.821296065689743,0.178703934310257,0,1,"[1.         0.83076923 0.         0.         1.         0.
 1.         1.         0.         0.         1.         1.
 1.         0.45275301 0.12987013 0.19330855 0.02140078 0.39534884
 1.        ]"
32,LIVE,num__feature_3,0.0,1,0.1865461847389558,1,0.1903490602753192,0.0038028755363634092,0.5146576787335997,0.4853423212664003,1,1,"[1.         0.30769231 0.19034906 0.         1.         0.
 1.         1.         1.         0.         1.         1.
 1.         1.         0.27272727 0.52788104 0.41439689 0.20930233
 0.66      ]"
32,LIVE,num__feature_4,0.0,1,0.24678714859437745,0,0.20963181068322972,0.03715533791114772,0.37278251347936053,0.37278251347936053,1,1,"[1.         0.30769231 0.         0.20963181 1.         0.
 1.         1.         1.         0.         1.         1.
 1.         1.         0.27272727 0.52788104 0.41439689 0.20930233
 0.66      ]"
32,LIVE,num__feature_5,1.0,1,0.8415662650602409,0,0.8778161144079836,0.03624984934774267,0.29506195367664373,0.29506195367664373,1,1,"[1.         0.30769231 0.         0.         0.87781611 0.
 1.         1.         1.         0.         1.         1.
 1.         1.         0.27272727 0.52788104 0.41439689 0.20930233
 0.66      ]"
32,LIVE,num__feature_6,0.0,1,0.8933734939759036,0,0.42278460381033256,0.47058889016557104,0.036704397784967806,0.036704397784967806,1,1,"[1.         0.30769231 0.         0.         1.         0.4227846
 1.         1.         1.         0.         1.         1.
 1.         1.         0.27272727 0.52788104 0.41439689 0.20930233
 0.66      ]"
32,LIVE,num__feature_8,1.0,1,0.7973895582329316,0,0.8223122441444777,0.024922685911546116,0.398494395120946,0.398494395120946,1,1,"[1.         0.30769231 0.         0.         1.         0.
 1.         0.82231224 1.         0.         1.         1.
 1.         1.         0.27272727 0.52788104 0.41439689 0.20930233
 0.66      ]"
32,LIVE,num__feature_9,1.0,1,0.6769076305220882,0,0.763196738512331,0.08628910799024281,0.2554626814228358,0.2554626814228358,1,1,"[1.         0.30769231 0.         0.         1.         0.
 1.         1.         0.76319674 0.         1.         1.
 1.         1.         0.27272727 0.52788104 0.41439689 0.20930233
 0.66      ]"
32,LIVE,num__feature_10,0.0,1,0.3190763052208834,1,0.3708157472672554,0.051739442046371986,0.6009901295043527,0.3990098704956473,1,1,"[1.         0.30769231 0.         0.         1.         0.
 1.         1.         1.         0.37081575 1.         1.
 1.         1.         0.27272727 0.52788104 0.41439689 0.20930233
 0.66      ]"
32,LIVE,num__feature_15,0.27272727272727265,1,0.048678167214311674,1,0.0025573374764194523,0.04612082973789222,0.6227242961165165,0.3772757038834835,1,1,"[1.         0.30769231 0.         0.         1.         0.
 1.         1.         1.         0.         1.         1.
 1.         1.         0.00255734 0.52788104 0.41439689 0.20930233
 0.66      ]"
32,LIVE,num__feature_16,0.5278810408921933,1,0.36915376748630185,1,0.3403271214048892,0.028826646081412666,0.6109213340075619,0.3890786659924381,1,1,"[1.         0.30769231 0.         0.         1.         0.
 1.         1.         1.         0.         1.         1.
 1.         1.         0.27272727 0.34032712 0.41439689 0.20930233
 0.66      ]"
32,LIVE,num__feature_17,0.41439688715953304,1,0.14265798212304426,1,-0.18438602888521455,0.3270440110082588,0.8324843920730467,0.1675156079269533,1,1,"[1.         0.30769231 0.         0.         1.         0.
 1.         1.         1.         0.         1.         1.
 1.         1.         0.27272727 0.52788104 0.         0.20930233
 0.66      ]"
32,LIVE,num__feature_18,0.20930232558139528,1,0.48581792285420705,0,0.376653737272029,0.10916418558217805,0.128434831981048,0.128434831981048,1,1,"[1.         0.30769231 0.         0.         1.         0.
 1.         1.         1.         0.         1.         1.
 1.         1.         0.27272727 0.52788104 0.41439689 0.37665374
 0.66      ]"
32,LIVE,num__feature_19,0.66,1,0.91908140562249,0,0.8088724803965703,0.11020892522591963,0.10218725555796386,0.10218725555796386,1,1,"[1.         0.30769231 0.         0.         1.         0.
 1.         1.         1.         0.         1.         1.
 1.         1.         0.27272727 0.52788104 0.41439689 0.20930233
 0.80887248]"
